ISO-10303-21;
HEADER;
/* Generated by software containing ST-Developer
 * from STEP Tools, Inc. (www.steptools.com) 
 */

FILE_DESCRIPTION(
/* description */ (''),
/* implementation_level */ '2;1');

FILE_NAME(
/* name */ 'Qtr-8 IR Array v2.step',
/* time_stamp */ '2025-08-16T15:38:39+03:00',
/* author */ (''),
/* organization */ (''),
/* preprocessor_version */ 'ST-DEVELOPER v20.1',
/* originating_system */ 'Autodesk Translation Framework v14.10.0.0',
/* authorisation */ '');

FILE_SCHEMA (('AUTOMOTIVE_DESIGN { 1 0 10303 214 3 1 1 }'));
ENDSEC;

DATA;
#10=MECHANICAL_DESIGN_GEOMETRIC_PRESENTATION_REPRESENTATION('',(#13,#14,
#15,#16,#17,#18,#19,#20,#21,#22,#23,#24,#25,#26,#27,#28,#29,#30,#31,#32,
#33,#34,#35,#36,#37,#38,#39,#40,#41,#42,#43,#44,#45,#46,#47,#48,#49,#50,
#51,#52,#53,#54,#55,#56,#57,#58,#59,#60,#61,#62,#63,#64,#65,#66,#67,#68,
#69,#70),#3868);
#11=SHAPE_REPRESENTATION_RELATIONSHIP('SRR','None',#3875,#12);
#12=ADVANCED_BREP_SHAPE_REPRESENTATION('',(#71,#72,#73,#74,#75,#76,#77,
#78,#79,#80),#3867);
#13=STYLED_ITEM('',(#3885),#71);
#14=STYLED_ITEM('',(#3886),#2185);
#15=STYLED_ITEM('',(#3886),#2186);
#16=STYLED_ITEM('',(#3886),#2187);
#17=STYLED_ITEM('',(#3886),#2188);
#18=STYLED_ITEM('',(#3886),#2189);
#19=STYLED_ITEM('',(#3886),#2190);
#20=STYLED_ITEM('',(#3884),#72);
#21=STYLED_ITEM('',(#3886),#2191);
#22=STYLED_ITEM('',(#3886),#2192);
#23=STYLED_ITEM('',(#3886),#2193);
#24=STYLED_ITEM('',(#3886),#2194);
#25=STYLED_ITEM('',(#3886),#2195);
#26=STYLED_ITEM('',(#3886),#2196);
#27=STYLED_ITEM('',(#3884),#73);
#28=STYLED_ITEM('',(#3886),#2197);
#29=STYLED_ITEM('',(#3886),#2198);
#30=STYLED_ITEM('',(#3886),#2199);
#31=STYLED_ITEM('',(#3886),#2200);
#32=STYLED_ITEM('',(#3886),#2201);
#33=STYLED_ITEM('',(#3886),#2202);
#34=STYLED_ITEM('',(#3884),#74);
#35=STYLED_ITEM('',(#3886),#2203);
#36=STYLED_ITEM('',(#3886),#2204);
#37=STYLED_ITEM('',(#3886),#2205);
#38=STYLED_ITEM('',(#3886),#2206);
#39=STYLED_ITEM('',(#3886),#2207);
#40=STYLED_ITEM('',(#3886),#2208);
#41=STYLED_ITEM('',(#3884),#75);
#42=STYLED_ITEM('',(#3886),#2209);
#43=STYLED_ITEM('',(#3886),#2210);
#44=STYLED_ITEM('',(#3886),#2211);
#45=STYLED_ITEM('',(#3886),#2212);
#46=STYLED_ITEM('',(#3886),#2213);
#47=STYLED_ITEM('',(#3886),#2214);
#48=STYLED_ITEM('',(#3884),#76);
#49=STYLED_ITEM('',(#3886),#2215);
#50=STYLED_ITEM('',(#3886),#2216);
#51=STYLED_ITEM('',(#3886),#2217);
#52=STYLED_ITEM('',(#3886),#2218);
#53=STYLED_ITEM('',(#3886),#2219);
#54=STYLED_ITEM('',(#3886),#2220);
#55=STYLED_ITEM('',(#3884),#77);
#56=STYLED_ITEM('',(#3886),#2221);
#57=STYLED_ITEM('',(#3886),#2222);
#58=STYLED_ITEM('',(#3886),#2223);
#59=STYLED_ITEM('',(#3886),#2224);
#60=STYLED_ITEM('',(#3886),#2225);
#61=STYLED_ITEM('',(#3886),#2226);
#62=STYLED_ITEM('',(#3884),#78);
#63=STYLED_ITEM('',(#3886),#2227);
#64=STYLED_ITEM('',(#3886),#2228);
#65=STYLED_ITEM('',(#3886),#2229);
#66=STYLED_ITEM('',(#3886),#2230);
#67=STYLED_ITEM('',(#3886),#2231);
#68=STYLED_ITEM('',(#3886),#2232);
#69=STYLED_ITEM('',(#3884),#79);
#70=STYLED_ITEM('',(#3886),#80);
#71=MANIFOLD_SOLID_BREP('Body1',#2303);
#72=MANIFOLD_SOLID_BREP('Body2',#2304);
#73=MANIFOLD_SOLID_BREP('Body3',#2305);
#74=MANIFOLD_SOLID_BREP('Body4',#2306);
#75=MANIFOLD_SOLID_BREP('Body5',#2307);
#76=MANIFOLD_SOLID_BREP('Body6',#2308);
#77=MANIFOLD_SOLID_BREP('Body7',#2309);
#78=MANIFOLD_SOLID_BREP('Body8',#2310);
#79=MANIFOLD_SOLID_BREP('Body9',#2311);
#80=MANIFOLD_SOLID_BREP('Body10',#2312);
#81=CYLINDRICAL_SURFACE('',#2336,1.5);
#82=CYLINDRICAL_SURFACE('',#2337,1.5);
#83=CYLINDRICAL_SURFACE('',#2387,0.25);
#84=CYLINDRICAL_SURFACE('',#2390,0.249999999999998);
#85=CYLINDRICAL_SURFACE('',#2394,0.25);
#86=CYLINDRICAL_SURFACE('',#2397,0.249999999999998);
#87=CYLINDRICAL_SURFACE('',#2401,0.25);
#88=CYLINDRICAL_SURFACE('',#2404,0.25);
#89=CYLINDRICAL_SURFACE('',#2408,0.25);
#90=CYLINDRICAL_SURFACE('',#2411,0.25);
#91=CYLINDRICAL_SURFACE('',#2415,0.25);
#92=CYLINDRICAL_SURFACE('',#2418,0.25);
#93=CYLINDRICAL_SURFACE('',#2422,0.25);
#94=CYLINDRICAL_SURFACE('',#2425,0.25);
#95=CYLINDRICAL_SURFACE('',#2429,0.250000000000001);
#96=CYLINDRICAL_SURFACE('',#2432,0.25);
#97=CYLINDRICAL_SURFACE('',#2436,0.250000000000001);
#98=CYLINDRICAL_SURFACE('',#2439,0.25);
#99=CYLINDRICAL_SURFACE('',#2443,0.25);
#100=CYLINDRICAL_SURFACE('',#2446,0.25);
#101=CYLINDRICAL_SURFACE('',#2450,0.25);
#102=CYLINDRICAL_SURFACE('',#2453,0.25);
#103=CYLINDRICAL_SURFACE('',#2457,0.25);
#104=CYLINDRICAL_SURFACE('',#2461,0.25);
#105=CYLINDRICAL_SURFACE('',#2465,0.25);
#106=CYLINDRICAL_SURFACE('',#2468,0.25);
#107=CYLINDRICAL_SURFACE('',#2472,0.25);
#108=CYLINDRICAL_SURFACE('',#2475,0.25);
#109=CYLINDRICAL_SURFACE('',#2479,0.25);
#110=CYLINDRICAL_SURFACE('',#2482,0.25);
#111=CYLINDRICAL_SURFACE('',#2486,0.25);
#112=CYLINDRICAL_SURFACE('',#2489,0.25);
#113=CYLINDRICAL_SURFACE('',#2493,0.25);
#114=CYLINDRICAL_SURFACE('',#2496,0.25);
#115=CYLINDRICAL_SURFACE('',#2500,0.25);
#116=CYLINDRICAL_SURFACE('',#2503,0.25);
#117=CYLINDRICAL_SURFACE('',#2507,0.25);
#118=CYLINDRICAL_SURFACE('',#2510,0.250000000000001);
#119=CYLINDRICAL_SURFACE('',#2514,0.25);
#120=CYLINDRICAL_SURFACE('',#2517,0.25);
#121=CYLINDRICAL_SURFACE('',#2521,0.249999999999998);
#122=CYLINDRICAL_SURFACE('',#2524,0.25);
#123=CYLINDRICAL_SURFACE('',#2528,0.249999999999999);
#124=CYLINDRICAL_SURFACE('',#2531,0.25);
#125=CYLINDRICAL_SURFACE('',#2535,0.249999999999997);
#126=CYLINDRICAL_SURFACE('',#2539,0.249999999999996);
#127=FACE_BOUND('',#354,.T.);
#128=FACE_BOUND('',#355,.T.);
#129=FACE_BOUND('',#357,.T.);
#130=FACE_BOUND('',#358,.T.);
#131=CIRCLE('',#2331,1.5);
#132=CIRCLE('',#2332,1.5);
#133=CIRCLE('',#2334,1.5);
#134=CIRCLE('',#2335,1.5);
#135=CIRCLE('',#2388,0.25);
#136=CIRCLE('',#2389,0.25);
#137=CIRCLE('',#2391,0.249999999999998);
#138=CIRCLE('',#2392,0.249999999999998);
#139=CIRCLE('',#2395,0.25);
#140=CIRCLE('',#2396,0.25);
#141=CIRCLE('',#2398,0.249999999999998);
#142=CIRCLE('',#2399,0.249999999999998);
#143=CIRCLE('',#2402,0.25);
#144=CIRCLE('',#2403,0.25);
#145=CIRCLE('',#2405,0.25);
#146=CIRCLE('',#2406,0.25);
#147=CIRCLE('',#2409,0.25);
#148=CIRCLE('',#2410,0.25);
#149=CIRCLE('',#2412,0.25);
#150=CIRCLE('',#2413,0.25);
#151=CIRCLE('',#2416,0.25);
#152=CIRCLE('',#2417,0.25);
#153=CIRCLE('',#2419,0.25);
#154=CIRCLE('',#2420,0.25);
#155=CIRCLE('',#2423,0.25);
#156=CIRCLE('',#2424,0.25);
#157=CIRCLE('',#2426,0.25);
#158=CIRCLE('',#2427,0.25);
#159=CIRCLE('',#2430,0.250000000000001);
#160=CIRCLE('',#2431,0.250000000000001);
#161=CIRCLE('',#2433,0.25);
#162=CIRCLE('',#2434,0.25);
#163=CIRCLE('',#2437,0.250000000000001);
#164=CIRCLE('',#2438,0.250000000000001);
#165=CIRCLE('',#2440,0.25);
#166=CIRCLE('',#2441,0.25);
#167=CIRCLE('',#2444,0.25);
#168=CIRCLE('',#2445,0.25);
#169=CIRCLE('',#2447,0.25);
#170=CIRCLE('',#2448,0.25);
#171=CIRCLE('',#2451,0.25);
#172=CIRCLE('',#2452,0.25);
#173=CIRCLE('',#2454,0.25);
#174=CIRCLE('',#2455,0.25);
#175=CIRCLE('',#2458,0.25);
#176=CIRCLE('',#2459,0.25);
#177=CIRCLE('',#2462,0.25);
#178=CIRCLE('',#2463,0.25);
#179=CIRCLE('',#2466,0.25);
#180=CIRCLE('',#2467,0.25);
#181=CIRCLE('',#2469,0.25);
#182=CIRCLE('',#2470,0.25);
#183=CIRCLE('',#2473,0.25);
#184=CIRCLE('',#2474,0.25);
#185=CIRCLE('',#2476,0.25);
#186=CIRCLE('',#2477,0.25);
#187=CIRCLE('',#2480,0.25);
#188=CIRCLE('',#2481,0.25);
#189=CIRCLE('',#2483,0.25);
#190=CIRCLE('',#2484,0.25);
#191=CIRCLE('',#2487,0.25);
#192=CIRCLE('',#2488,0.25);
#193=CIRCLE('',#2490,0.25);
#194=CIRCLE('',#2491,0.25);
#195=CIRCLE('',#2494,0.25);
#196=CIRCLE('',#2495,0.25);
#197=CIRCLE('',#2497,0.25);
#198=CIRCLE('',#2498,0.25);
#199=CIRCLE('',#2501,0.25);
#200=CIRCLE('',#2502,0.25);
#201=CIRCLE('',#2504,0.25);
#202=CIRCLE('',#2505,0.25);
#203=CIRCLE('',#2508,0.25);
#204=CIRCLE('',#2509,0.25);
#205=CIRCLE('',#2511,0.250000000000001);
#206=CIRCLE('',#2512,0.250000000000001);
#207=CIRCLE('',#2515,0.25);
#208=CIRCLE('',#2516,0.25);
#209=CIRCLE('',#2518,0.25);
#210=CIRCLE('',#2519,0.25);
#211=CIRCLE('',#2522,0.249999999999998);
#212=CIRCLE('',#2523,0.249999999999998);
#213=CIRCLE('',#2525,0.25);
#214=CIRCLE('',#2526,0.25);
#215=CIRCLE('',#2529,0.249999999999999);
#216=CIRCLE('',#2530,0.249999999999999);
#217=CIRCLE('',#2532,0.25);
#218=CIRCLE('',#2533,0.25);
#219=CIRCLE('',#2536,0.249999999999997);
#220=CIRCLE('',#2537,0.249999999999997);
#221=CIRCLE('',#2540,0.249999999999996);
#222=CIRCLE('',#2541,0.249999999999996);
#223=FACE_OUTER_BOUND('',#349,.T.);
#224=FACE_OUTER_BOUND('',#350,.T.);
#225=FACE_OUTER_BOUND('',#351,.T.);
#226=FACE_OUTER_BOUND('',#352,.T.);
#227=FACE_OUTER_BOUND('',#353,.T.);
#228=FACE_OUTER_BOUND('',#356,.T.);
#229=FACE_OUTER_BOUND('',#359,.T.);
#230=FACE_OUTER_BOUND('',#360,.T.);
#231=FACE_OUTER_BOUND('',#361,.T.);
#232=FACE_OUTER_BOUND('',#362,.T.);
#233=FACE_OUTER_BOUND('',#363,.T.);
#234=FACE_OUTER_BOUND('',#364,.T.);
#235=FACE_OUTER_BOUND('',#365,.T.);
#236=FACE_OUTER_BOUND('',#366,.T.);
#237=FACE_OUTER_BOUND('',#367,.T.);
#238=FACE_OUTER_BOUND('',#368,.T.);
#239=FACE_OUTER_BOUND('',#369,.T.);
#240=FACE_OUTER_BOUND('',#370,.T.);
#241=FACE_OUTER_BOUND('',#371,.T.);
#242=FACE_OUTER_BOUND('',#372,.T.);
#243=FACE_OUTER_BOUND('',#373,.T.);
#244=FACE_OUTER_BOUND('',#374,.T.);
#245=FACE_OUTER_BOUND('',#375,.T.);
#246=FACE_OUTER_BOUND('',#376,.T.);
#247=FACE_OUTER_BOUND('',#377,.T.);
#248=FACE_OUTER_BOUND('',#378,.T.);
#249=FACE_OUTER_BOUND('',#379,.T.);
#250=FACE_OUTER_BOUND('',#380,.T.);
#251=FACE_OUTER_BOUND('',#381,.T.);
#252=FACE_OUTER_BOUND('',#382,.T.);
#253=FACE_OUTER_BOUND('',#383,.T.);
#254=FACE_OUTER_BOUND('',#384,.T.);
#255=FACE_OUTER_BOUND('',#385,.T.);
#256=FACE_OUTER_BOUND('',#386,.T.);
#257=FACE_OUTER_BOUND('',#387,.T.);
#258=FACE_OUTER_BOUND('',#388,.T.);
#259=FACE_OUTER_BOUND('',#389,.T.);
#260=FACE_OUTER_BOUND('',#390,.T.);
#261=FACE_OUTER_BOUND('',#391,.T.);
#262=FACE_OUTER_BOUND('',#392,.T.);
#263=FACE_OUTER_BOUND('',#393,.T.);
#264=FACE_OUTER_BOUND('',#394,.T.);
#265=FACE_OUTER_BOUND('',#395,.T.);
#266=FACE_OUTER_BOUND('',#396,.T.);
#267=FACE_OUTER_BOUND('',#397,.T.);
#268=FACE_OUTER_BOUND('',#398,.T.);
#269=FACE_OUTER_BOUND('',#399,.T.);
#270=FACE_OUTER_BOUND('',#400,.T.);
#271=FACE_OUTER_BOUND('',#401,.T.);
#272=FACE_OUTER_BOUND('',#402,.T.);
#273=FACE_OUTER_BOUND('',#403,.T.);
#274=FACE_OUTER_BOUND('',#404,.T.);
#275=FACE_OUTER_BOUND('',#405,.T.);
#276=FACE_OUTER_BOUND('',#406,.T.);
#277=FACE_OUTER_BOUND('',#407,.T.);
#278=FACE_OUTER_BOUND('',#408,.T.);
#279=FACE_OUTER_BOUND('',#409,.T.);
#280=FACE_OUTER_BOUND('',#410,.T.);
#281=FACE_OUTER_BOUND('',#411,.T.);
#282=FACE_OUTER_BOUND('',#412,.T.);
#283=FACE_OUTER_BOUND('',#413,.T.);
#284=FACE_OUTER_BOUND('',#414,.T.);
#285=FACE_OUTER_BOUND('',#415,.T.);
#286=FACE_OUTER_BOUND('',#416,.T.);
#287=FACE_OUTER_BOUND('',#417,.T.);
#288=FACE_OUTER_BOUND('',#418,.T.);
#289=FACE_OUTER_BOUND('',#419,.T.);
#290=FACE_OUTER_BOUND('',#420,.T.);
#291=FACE_OUTER_BOUND('',#421,.T.);
#292=FACE_OUTER_BOUND('',#422,.T.);
#293=FACE_OUTER_BOUND('',#423,.T.);
#294=FACE_OUTER_BOUND('',#424,.T.);
#295=FACE_OUTER_BOUND('',#425,.T.);
#296=FACE_OUTER_BOUND('',#426,.T.);
#297=FACE_OUTER_BOUND('',#427,.T.);
#298=FACE_OUTER_BOUND('',#428,.T.);
#299=FACE_OUTER_BOUND('',#429,.T.);
#300=FACE_OUTER_BOUND('',#430,.T.);
#301=FACE_OUTER_BOUND('',#431,.T.);
#302=FACE_OUTER_BOUND('',#432,.T.);
#303=FACE_OUTER_BOUND('',#433,.T.);
#304=FACE_OUTER_BOUND('',#434,.T.);
#305=FACE_OUTER_BOUND('',#435,.T.);
#306=FACE_OUTER_BOUND('',#436,.T.);
#307=FACE_OUTER_BOUND('',#437,.T.);
#308=FACE_OUTER_BOUND('',#438,.T.);
#309=FACE_OUTER_BOUND('',#439,.T.);
#310=FACE_OUTER_BOUND('',#440,.T.);
#311=FACE_OUTER_BOUND('',#441,.T.);
#312=FACE_OUTER_BOUND('',#442,.T.);
#313=FACE_OUTER_BOUND('',#443,.T.);
#314=FACE_OUTER_BOUND('',#444,.T.);
#315=FACE_OUTER_BOUND('',#445,.T.);
#316=FACE_OUTER_BOUND('',#446,.T.);
#317=FACE_OUTER_BOUND('',#447,.T.);
#318=FACE_OUTER_BOUND('',#448,.T.);
#319=FACE_OUTER_BOUND('',#449,.T.);
#320=FACE_OUTER_BOUND('',#450,.T.);
#321=FACE_OUTER_BOUND('',#451,.T.);
#322=FACE_OUTER_BOUND('',#452,.T.);
#323=FACE_OUTER_BOUND('',#453,.T.);
#324=FACE_OUTER_BOUND('',#454,.T.);
#325=FACE_OUTER_BOUND('',#455,.T.);
#326=FACE_OUTER_BOUND('',#456,.T.);
#327=FACE_OUTER_BOUND('',#457,.T.);
#328=FACE_OUTER_BOUND('',#458,.T.);
#329=FACE_OUTER_BOUND('',#459,.T.);
#330=FACE_OUTER_BOUND('',#460,.T.);
#331=FACE_OUTER_BOUND('',#461,.T.);
#332=FACE_OUTER_BOUND('',#462,.T.);
#333=FACE_OUTER_BOUND('',#463,.T.);
#334=FACE_OUTER_BOUND('',#464,.T.);
#335=FACE_OUTER_BOUND('',#465,.T.);
#336=FACE_OUTER_BOUND('',#466,.T.);
#337=FACE_OUTER_BOUND('',#467,.T.);
#338=FACE_OUTER_BOUND('',#468,.T.);
#339=FACE_OUTER_BOUND('',#469,.T.);
#340=FACE_OUTER_BOUND('',#470,.T.);
#341=FACE_OUTER_BOUND('',#471,.T.);
#342=FACE_OUTER_BOUND('',#472,.T.);
#343=FACE_OUTER_BOUND('',#473,.T.);
#344=FACE_OUTER_BOUND('',#474,.T.);
#345=FACE_OUTER_BOUND('',#475,.T.);
#346=FACE_OUTER_BOUND('',#476,.T.);
#347=FACE_OUTER_BOUND('',#477,.T.);
#348=FACE_OUTER_BOUND('',#478,.T.);
#349=EDGE_LOOP('',(#1461,#1462,#1463,#1464));
#350=EDGE_LOOP('',(#1465,#1466,#1467,#1468));
#351=EDGE_LOOP('',(#1469,#1470,#1471,#1472));
#352=EDGE_LOOP('',(#1473,#1474,#1475,#1476));
#353=EDGE_LOOP('',(#1477,#1478,#1479,#1480));
#354=EDGE_LOOP('',(#1481));
#355=EDGE_LOOP('',(#1482));
#356=EDGE_LOOP('',(#1483,#1484,#1485,#1486));
#357=EDGE_LOOP('',(#1487));
#358=EDGE_LOOP('',(#1488));
#359=EDGE_LOOP('',(#1489,#1490,#1491,#1492));
#360=EDGE_LOOP('',(#1493,#1494,#1495,#1496));
#361=EDGE_LOOP('',(#1497,#1498,#1499,#1500));
#362=EDGE_LOOP('',(#1501,#1502,#1503,#1504));
#363=EDGE_LOOP('',(#1505,#1506,#1507,#1508));
#364=EDGE_LOOP('',(#1509,#1510,#1511,#1512));
#365=EDGE_LOOP('',(#1513,#1514,#1515,#1516));
#366=EDGE_LOOP('',(#1517,#1518,#1519,#1520));
#367=EDGE_LOOP('',(#1521,#1522,#1523,#1524));
#368=EDGE_LOOP('',(#1525,#1526,#1527,#1528));
#369=EDGE_LOOP('',(#1529,#1530,#1531,#1532));
#370=EDGE_LOOP('',(#1533,#1534,#1535,#1536));
#371=EDGE_LOOP('',(#1537,#1538,#1539,#1540));
#372=EDGE_LOOP('',(#1541,#1542,#1543,#1544));
#373=EDGE_LOOP('',(#1545,#1546,#1547,#1548));
#374=EDGE_LOOP('',(#1549,#1550,#1551,#1552));
#375=EDGE_LOOP('',(#1553,#1554,#1555,#1556));
#376=EDGE_LOOP('',(#1557,#1558,#1559,#1560));
#377=EDGE_LOOP('',(#1561,#1562,#1563,#1564));
#378=EDGE_LOOP('',(#1565,#1566,#1567,#1568));
#379=EDGE_LOOP('',(#1569,#1570,#1571,#1572));
#380=EDGE_LOOP('',(#1573,#1574,#1575,#1576));
#381=EDGE_LOOP('',(#1577,#1578,#1579,#1580));
#382=EDGE_LOOP('',(#1581,#1582,#1583,#1584));
#383=EDGE_LOOP('',(#1585,#1586,#1587,#1588));
#384=EDGE_LOOP('',(#1589,#1590,#1591,#1592));
#385=EDGE_LOOP('',(#1593,#1594,#1595,#1596));
#386=EDGE_LOOP('',(#1597,#1598,#1599,#1600));
#387=EDGE_LOOP('',(#1601,#1602,#1603,#1604));
#388=EDGE_LOOP('',(#1605,#1606,#1607,#1608));
#389=EDGE_LOOP('',(#1609,#1610,#1611,#1612));
#390=EDGE_LOOP('',(#1613,#1614,#1615,#1616));
#391=EDGE_LOOP('',(#1617,#1618,#1619,#1620));
#392=EDGE_LOOP('',(#1621,#1622,#1623,#1624));
#393=EDGE_LOOP('',(#1625,#1626,#1627,#1628));
#394=EDGE_LOOP('',(#1629,#1630,#1631,#1632));
#395=EDGE_LOOP('',(#1633,#1634,#1635,#1636));
#396=EDGE_LOOP('',(#1637,#1638,#1639,#1640));
#397=EDGE_LOOP('',(#1641,#1642,#1643,#1644));
#398=EDGE_LOOP('',(#1645,#1646,#1647,#1648));
#399=EDGE_LOOP('',(#1649,#1650,#1651,#1652));
#400=EDGE_LOOP('',(#1653,#1654,#1655,#1656));
#401=EDGE_LOOP('',(#1657,#1658,#1659,#1660));
#402=EDGE_LOOP('',(#1661,#1662,#1663,#1664));
#403=EDGE_LOOP('',(#1665,#1666,#1667,#1668));
#404=EDGE_LOOP('',(#1669,#1670,#1671,#1672));
#405=EDGE_LOOP('',(#1673,#1674,#1675,#1676));
#406=EDGE_LOOP('',(#1677,#1678,#1679,#1680));
#407=EDGE_LOOP('',(#1681,#1682,#1683,#1684));
#408=EDGE_LOOP('',(#1685,#1686,#1687,#1688));
#409=EDGE_LOOP('',(#1689,#1690,#1691,#1692));
#410=EDGE_LOOP('',(#1693,#1694,#1695,#1696));
#411=EDGE_LOOP('',(#1697,#1698,#1699,#1700));
#412=EDGE_LOOP('',(#1701,#1702,#1703,#1704));
#413=EDGE_LOOP('',(#1705,#1706,#1707,#1708));
#414=EDGE_LOOP('',(#1709,#1710,#1711,#1712));
#415=EDGE_LOOP('',(#1713,#1714,#1715,#1716));
#416=EDGE_LOOP('',(#1717,#1718,#1719,#1720));
#417=EDGE_LOOP('',(#1721,#1722,#1723,#1724));
#418=EDGE_LOOP('',(#1725,#1726,#1727,#1728));
#419=EDGE_LOOP('',(#1729,#1730,#1731,#1732));
#420=EDGE_LOOP('',(#1733,#1734,#1735,#1736));
#421=EDGE_LOOP('',(#1737,#1738,#1739,#1740));
#422=EDGE_LOOP('',(#1741,#1742,#1743,#1744));
#423=EDGE_LOOP('',(#1745,#1746,#1747,#1748));
#424=EDGE_LOOP('',(#1749,#1750,#1751,#1752));
#425=EDGE_LOOP('',(#1753,#1754,#1755,#1756));
#426=EDGE_LOOP('',(#1757,#1758,#1759,#1760));
#427=EDGE_LOOP('',(#1761,#1762,#1763,#1764));
#428=EDGE_LOOP('',(#1765,#1766,#1767,#1768));
#429=EDGE_LOOP('',(#1769,#1770,#1771,#1772));
#430=EDGE_LOOP('',(#1773,#1774,#1775,#1776));
#431=EDGE_LOOP('',(#1777,#1778,#1779,#1780));
#432=EDGE_LOOP('',(#1781,#1782,#1783,#1784));
#433=EDGE_LOOP('',(#1785,#1786,#1787,#1788));
#434=EDGE_LOOP('',(#1789,#1790,#1791,#1792));
#435=EDGE_LOOP('',(#1793,#1794,#1795,#1796));
#436=EDGE_LOOP('',(#1797,#1798,#1799,#1800));
#437=EDGE_LOOP('',(#1801,#1802,#1803,#1804));
#438=EDGE_LOOP('',(#1805,#1806,#1807,#1808));
#439=EDGE_LOOP('',(#1809,#1810,#1811,#1812));
#440=EDGE_LOOP('',(#1813,#1814,#1815,#1816));
#441=EDGE_LOOP('',(#1817,#1818,#1819,#1820));
#442=EDGE_LOOP('',(#1821,#1822,#1823,#1824));
#443=EDGE_LOOP('',(#1825,#1826,#1827,#1828));
#444=EDGE_LOOP('',(#1829,#1830,#1831,#1832));
#445=EDGE_LOOP('',(#1833,#1834,#1835,#1836));
#446=EDGE_LOOP('',(#1837,#1838,#1839,#1840));
#447=EDGE_LOOP('',(#1841,#1842,#1843,#1844));
#448=EDGE_LOOP('',(#1845,#1846,#1847,#1848));
#449=EDGE_LOOP('',(#1849,#1850,#1851,#1852));
#450=EDGE_LOOP('',(#1853,#1854,#1855,#1856));
#451=EDGE_LOOP('',(#1857,#1858,#1859,#1860));
#452=EDGE_LOOP('',(#1861,#1862,#1863,#1864));
#453=EDGE_LOOP('',(#1865,#1866,#1867,#1868));
#454=EDGE_LOOP('',(#1869,#1870,#1871,#1872));
#455=EDGE_LOOP('',(#1873,#1874,#1875,#1876));
#456=EDGE_LOOP('',(#1877,#1878,#1879,#1880));
#457=EDGE_LOOP('',(#1881,#1882,#1883,#1884));
#458=EDGE_LOOP('',(#1885,#1886,#1887,#1888));
#459=EDGE_LOOP('',(#1889,#1890,#1891,#1892));
#460=EDGE_LOOP('',(#1893,#1894,#1895,#1896));
#461=EDGE_LOOP('',(#1897,#1898,#1899,#1900));
#462=EDGE_LOOP('',(#1901,#1902,#1903,#1904));
#463=EDGE_LOOP('',(#1905,#1906,#1907,#1908));
#464=EDGE_LOOP('',(#1909,#1910,#1911,#1912));
#465=EDGE_LOOP('',(#1913,#1914,#1915,#1916));
#466=EDGE_LOOP('',(#1917,#1918,#1919,#1920));
#467=EDGE_LOOP('',(#1921,#1922,#1923,#1924));
#468=EDGE_LOOP('',(#1925,#1926,#1927,#1928));
#469=EDGE_LOOP('',(#1929,#1930,#1931,#1932));
#470=EDGE_LOOP('',(#1933,#1934,#1935,#1936));
#471=EDGE_LOOP('',(#1937,#1938,#1939,#1940));
#472=EDGE_LOOP('',(#1941,#1942,#1943,#1944));
#473=EDGE_LOOP('',(#1945,#1946,#1947,#1948));
#474=EDGE_LOOP('',(#1949,#1950,#1951,#1952));
#475=EDGE_LOOP('',(#1953,#1954,#1955,#1956));
#476=EDGE_LOOP('',(#1957,#1958,#1959,#1960));
#477=EDGE_LOOP('',(#1961,#1962,#1963,#1964,#1965,#1966,#1967,#1968,#1969,
#1970,#1971,#1972,#1973,#1974,#1975,#1976,#1977,#1978,#1979,#1980,#1981,
#1982,#1983,#1984,#1985,#1986,#1987,#1988,#1989,#1990,#1991,#1992,#1993,
#1994,#1995,#1996,#1997,#1998,#1999,#2000,#2001,#2002,#2003,#2004,#2005,
#2006,#2007,#2008,#2009,#2010,#2011,#2012,#2013,#2014,#2015,#2016,#2017,
#2018,#2019,#2020,#2021,#2022,#2023,#2024,#2025,#2026,#2027,#2028));
#478=EDGE_LOOP('',(#2029,#2030,#2031,#2032,#2033,#2034,#2035,#2036,#2037,
#2038,#2039,#2040,#2041,#2042,#2043,#2044,#2045,#2046,#2047,#2048,#2049,
#2050,#2051,#2052,#2053,#2054,#2055,#2056,#2057,#2058,#2059,#2060,#2061,
#2062,#2063,#2064,#2065,#2066,#2067,#2068,#2069,#2070,#2071,#2072,#2073,
#2074,#2075,#2076,#2077,#2078,#2079,#2080,#2081,#2082,#2083,#2084,#2085,
#2086,#2087,#2088,#2089,#2090,#2091,#2092,#2093,#2094,#2095,#2096));
#479=LINE('',#3212,#705);
#480=LINE('',#3214,#706);
#481=LINE('',#3216,#707);
#482=LINE('',#3217,#708);
#483=LINE('',#3220,#709);
#484=LINE('',#3222,#710);
#485=LINE('',#3223,#711);
#486=LINE('',#3226,#712);
#487=LINE('',#3228,#713);
#488=LINE('',#3229,#714);
#489=LINE('',#3231,#715);
#490=LINE('',#3232,#716);
#491=LINE('',#3244,#717);
#492=LINE('',#3246,#718);
#493=LINE('',#3250,#719);
#494=LINE('',#3252,#720);
#495=LINE('',#3254,#721);
#496=LINE('',#3255,#722);
#497=LINE('',#3258,#723);
#498=LINE('',#3260,#724);
#499=LINE('',#3261,#725);
#500=LINE('',#3264,#726);
#501=LINE('',#3266,#727);
#502=LINE('',#3267,#728);
#503=LINE('',#3269,#729);
#504=LINE('',#3270,#730);
#505=LINE('',#3276,#731);
#506=LINE('',#3278,#732);
#507=LINE('',#3280,#733);
#508=LINE('',#3281,#734);
#509=LINE('',#3284,#735);
#510=LINE('',#3286,#736);
#511=LINE('',#3287,#737);
#512=LINE('',#3290,#738);
#513=LINE('',#3292,#739);
#514=LINE('',#3293,#740);
#515=LINE('',#3295,#741);
#516=LINE('',#3296,#742);
#517=LINE('',#3302,#743);
#518=LINE('',#3304,#744);
#519=LINE('',#3306,#745);
#520=LINE('',#3307,#746);
#521=LINE('',#3310,#747);
#522=LINE('',#3312,#748);
#523=LINE('',#3313,#749);
#524=LINE('',#3316,#750);
#525=LINE('',#3318,#751);
#526=LINE('',#3319,#752);
#527=LINE('',#3321,#753);
#528=LINE('',#3322,#754);
#529=LINE('',#3328,#755);
#530=LINE('',#3330,#756);
#531=LINE('',#3332,#757);
#532=LINE('',#3333,#758);
#533=LINE('',#3336,#759);
#534=LINE('',#3338,#760);
#535=LINE('',#3339,#761);
#536=LINE('',#3342,#762);
#537=LINE('',#3344,#763);
#538=LINE('',#3345,#764);
#539=LINE('',#3347,#765);
#540=LINE('',#3348,#766);
#541=LINE('',#3354,#767);
#542=LINE('',#3356,#768);
#543=LINE('',#3358,#769);
#544=LINE('',#3359,#770);
#545=LINE('',#3362,#771);
#546=LINE('',#3364,#772);
#547=LINE('',#3365,#773);
#548=LINE('',#3368,#774);
#549=LINE('',#3370,#775);
#550=LINE('',#3371,#776);
#551=LINE('',#3373,#777);
#552=LINE('',#3374,#778);
#553=LINE('',#3380,#779);
#554=LINE('',#3382,#780);
#555=LINE('',#3384,#781);
#556=LINE('',#3385,#782);
#557=LINE('',#3388,#783);
#558=LINE('',#3390,#784);
#559=LINE('',#3391,#785);
#560=LINE('',#3394,#786);
#561=LINE('',#3396,#787);
#562=LINE('',#3397,#788);
#563=LINE('',#3399,#789);
#564=LINE('',#3400,#790);
#565=LINE('',#3406,#791);
#566=LINE('',#3408,#792);
#567=LINE('',#3410,#793);
#568=LINE('',#3411,#794);
#569=LINE('',#3414,#795);
#570=LINE('',#3416,#796);
#571=LINE('',#3417,#797);
#572=LINE('',#3420,#798);
#573=LINE('',#3422,#799);
#574=LINE('',#3423,#800);
#575=LINE('',#3425,#801);
#576=LINE('',#3426,#802);
#577=LINE('',#3432,#803);
#578=LINE('',#3434,#804);
#579=LINE('',#3436,#805);
#580=LINE('',#3437,#806);
#581=LINE('',#3440,#807);
#582=LINE('',#3442,#808);
#583=LINE('',#3443,#809);
#584=LINE('',#3446,#810);
#585=LINE('',#3448,#811);
#586=LINE('',#3449,#812);
#587=LINE('',#3451,#813);
#588=LINE('',#3452,#814);
#589=LINE('',#3458,#815);
#590=LINE('',#3460,#816);
#591=LINE('',#3462,#817);
#592=LINE('',#3463,#818);
#593=LINE('',#3468,#819);
#594=LINE('',#3474,#820);
#595=LINE('',#3478,#821);
#596=LINE('',#3480,#822);
#597=LINE('',#3481,#823);
#598=LINE('',#3486,#824);
#599=LINE('',#3492,#825);
#600=LINE('',#3496,#826);
#601=LINE('',#3498,#827);
#602=LINE('',#3499,#828);
#603=LINE('',#3504,#829);
#604=LINE('',#3510,#830);
#605=LINE('',#3514,#831);
#606=LINE('',#3516,#832);
#607=LINE('',#3517,#833);
#608=LINE('',#3522,#834);
#609=LINE('',#3528,#835);
#610=LINE('',#3532,#836);
#611=LINE('',#3534,#837);
#612=LINE('',#3535,#838);
#613=LINE('',#3540,#839);
#614=LINE('',#3546,#840);
#615=LINE('',#3550,#841);
#616=LINE('',#3552,#842);
#617=LINE('',#3553,#843);
#618=LINE('',#3558,#844);
#619=LINE('',#3564,#845);
#620=LINE('',#3568,#846);
#621=LINE('',#3570,#847);
#622=LINE('',#3571,#848);
#623=LINE('',#3576,#849);
#624=LINE('',#3582,#850);
#625=LINE('',#3586,#851);
#626=LINE('',#3588,#852);
#627=LINE('',#3589,#853);
#628=LINE('',#3594,#854);
#629=LINE('',#3600,#855);
#630=LINE('',#3604,#856);
#631=LINE('',#3606,#857);
#632=LINE('',#3607,#858);
#633=LINE('',#3612,#859);
#634=LINE('',#3618,#860);
#635=LINE('',#3622,#861);
#636=LINE('',#3624,#862);
#637=LINE('',#3625,#863);
#638=LINE('',#3630,#864);
#639=LINE('',#3636,#865);
#640=LINE('',#3640,#866);
#641=LINE('',#3642,#867);
#642=LINE('',#3643,#868);
#643=LINE('',#3648,#869);
#644=LINE('',#3652,#870);
#645=LINE('',#3654,#871);
#646=LINE('',#3655,#872);
#647=LINE('',#3660,#873);
#648=LINE('',#3664,#874);
#649=LINE('',#3666,#875);
#650=LINE('',#3667,#876);
#651=LINE('',#3672,#877);
#652=LINE('',#3678,#878);
#653=LINE('',#3682,#879);
#654=LINE('',#3684,#880);
#655=LINE('',#3685,#881);
#656=LINE('',#3690,#882);
#657=LINE('',#3696,#883);
#658=LINE('',#3700,#884);
#659=LINE('',#3702,#885);
#660=LINE('',#3703,#886);
#661=LINE('',#3708,#887);
#662=LINE('',#3714,#888);
#663=LINE('',#3718,#889);
#664=LINE('',#3720,#890);
#665=LINE('',#3721,#891);
#666=LINE('',#3726,#892);
#667=LINE('',#3732,#893);
#668=LINE('',#3736,#894);
#669=LINE('',#3738,#895);
#670=LINE('',#3739,#896);
#671=LINE('',#3744,#897);
#672=LINE('',#3750,#898);
#673=LINE('',#3754,#899);
#674=LINE('',#3756,#900);
#675=LINE('',#3757,#901);
#676=LINE('',#3762,#902);
#677=LINE('',#3768,#903);
#678=LINE('',#3772,#904);
#679=LINE('',#3774,#905);
#680=LINE('',#3775,#906);
#681=LINE('',#3780,#907);
#682=LINE('',#3786,#908);
#683=LINE('',#3790,#909);
#684=LINE('',#3792,#910);
#685=LINE('',#3793,#911);
#686=LINE('',#3798,#912);
#687=LINE('',#3804,#913);
#688=LINE('',#3808,#914);
#689=LINE('',#3810,#915);
#690=LINE('',#3811,#916);
#691=LINE('',#3816,#917);
#692=LINE('',#3822,#918);
#693=LINE('',#3826,#919);
#694=LINE('',#3828,#920);
#695=LINE('',#3829,#921);
#696=LINE('',#3834,#922);
#697=LINE('',#3840,#923);
#698=LINE('',#3844,#924);
#699=LINE('',#3846,#925);
#700=LINE('',#3847,#926);
#701=LINE('',#3852,#927);
#702=LINE('',#3856,#928);
#703=LINE('',#3858,#929);
#704=LINE('',#3859,#930);
#705=VECTOR('',#2548,16.);
#706=VECTOR('',#2549,1.5);
#707=VECTOR('',#2550,16.);
#708=VECTOR('',#2551,1.5);
#709=VECTOR('',#2554,66.5);
#710=VECTOR('',#2555,1.5);
#711=VECTOR('',#2556,66.5);
#712=VECTOR('',#2559,16.);
#713=VECTOR('',#2560,1.5);
#714=VECTOR('',#2561,16.);
#715=VECTOR('',#2564,66.5);
#716=VECTOR('',#2565,66.5);
#717=VECTOR('',#2580,1.5);
#718=VECTOR('',#2583,1.5);
#719=VECTOR('',#2586,2.8);
#720=VECTOR('',#2587,1.5);
#721=VECTOR('',#2588,2.8);
#722=VECTOR('',#2589,1.5);
#723=VECTOR('',#2592,3.30000000000001);
#724=VECTOR('',#2593,1.5);
#725=VECTOR('',#2594,3.30000000000001);
#726=VECTOR('',#2597,2.8);
#727=VECTOR('',#2598,1.5);
#728=VECTOR('',#2599,2.8);
#729=VECTOR('',#2602,3.30000000000001);
#730=VECTOR('',#2603,3.30000000000001);
#731=VECTOR('',#2610,3.30000000000001);
#732=VECTOR('',#2611,1.5);
#733=VECTOR('',#2612,3.30000000000001);
#734=VECTOR('',#2613,1.5);
#735=VECTOR('',#2616,2.8);
#736=VECTOR('',#2617,1.5);
#737=VECTOR('',#2618,2.8);
#738=VECTOR('',#2621,3.30000000000001);
#739=VECTOR('',#2622,1.5);
#740=VECTOR('',#2623,3.30000000000001);
#741=VECTOR('',#2626,2.8);
#742=VECTOR('',#2627,2.8);
#743=VECTOR('',#2634,2.8);
#744=VECTOR('',#2635,1.5);
#745=VECTOR('',#2636,2.8);
#746=VECTOR('',#2637,1.5);
#747=VECTOR('',#2640,3.30000000000001);
#748=VECTOR('',#2641,1.5);
#749=VECTOR('',#2642,3.30000000000001);
#750=VECTOR('',#2645,2.8);
#751=VECTOR('',#2646,1.5);
#752=VECTOR('',#2647,2.8);
#753=VECTOR('',#2650,3.30000000000001);
#754=VECTOR('',#2651,3.30000000000001);
#755=VECTOR('',#2658,2.8);
#756=VECTOR('',#2659,1.5);
#757=VECTOR('',#2660,2.8);
#758=VECTOR('',#2661,1.5);
#759=VECTOR('',#2664,3.30000000000001);
#760=VECTOR('',#2665,1.5);
#761=VECTOR('',#2666,3.30000000000001);
#762=VECTOR('',#2669,2.8);
#763=VECTOR('',#2670,1.5);
#764=VECTOR('',#2671,2.8);
#765=VECTOR('',#2674,3.30000000000001);
#766=VECTOR('',#2675,3.30000000000001);
#767=VECTOR('',#2682,2.8);
#768=VECTOR('',#2683,1.5);
#769=VECTOR('',#2684,2.8);
#770=VECTOR('',#2685,1.5);
#771=VECTOR('',#2688,3.30000000000001);
#772=VECTOR('',#2689,1.5);
#773=VECTOR('',#2690,3.30000000000001);
#774=VECTOR('',#2693,2.8);
#775=VECTOR('',#2694,1.5);
#776=VECTOR('',#2695,2.8);
#777=VECTOR('',#2698,3.30000000000001);
#778=VECTOR('',#2699,3.30000000000001);
#779=VECTOR('',#2706,2.8);
#780=VECTOR('',#2707,1.5);
#781=VECTOR('',#2708,2.8);
#782=VECTOR('',#2709,1.5);
#783=VECTOR('',#2712,3.30000000000001);
#784=VECTOR('',#2713,1.5);
#785=VECTOR('',#2714,3.30000000000001);
#786=VECTOR('',#2717,2.8);
#787=VECTOR('',#2718,1.5);
#788=VECTOR('',#2719,2.8);
#789=VECTOR('',#2722,3.30000000000001);
#790=VECTOR('',#2723,3.30000000000001);
#791=VECTOR('',#2730,2.8);
#792=VECTOR('',#2731,1.5);
#793=VECTOR('',#2732,2.8);
#794=VECTOR('',#2733,1.5);
#795=VECTOR('',#2736,3.30000000000001);
#796=VECTOR('',#2737,1.5);
#797=VECTOR('',#2738,3.30000000000001);
#798=VECTOR('',#2741,2.8);
#799=VECTOR('',#2742,1.5);
#800=VECTOR('',#2743,2.8);
#801=VECTOR('',#2746,3.30000000000001);
#802=VECTOR('',#2747,3.30000000000001);
#803=VECTOR('',#2754,2.8);
#804=VECTOR('',#2755,1.5);
#805=VECTOR('',#2756,2.8);
#806=VECTOR('',#2757,1.5);
#807=VECTOR('',#2760,3.30000000000001);
#808=VECTOR('',#2761,1.5);
#809=VECTOR('',#2762,3.30000000000001);
#810=VECTOR('',#2765,2.8);
#811=VECTOR('',#2766,1.5);
#812=VECTOR('',#2767,2.8);
#813=VECTOR('',#2770,3.30000000000001);
#814=VECTOR('',#2771,3.30000000000001);
#815=VECTOR('',#2778,2.04000000000001);
#816=VECTOR('',#2779,3.5);
#817=VECTOR('',#2780,2.04000000000001);
#818=VECTOR('',#2781,3.5);
#819=VECTOR('',#2786,3.5);
#820=VECTOR('',#2793,3.5);
#821=VECTOR('',#2798,2.04);
#822=VECTOR('',#2799,3.5);
#823=VECTOR('',#2800,2.04);
#824=VECTOR('',#2805,3.5);
#825=VECTOR('',#2812,3.5);
#826=VECTOR('',#2817,2.04);
#827=VECTOR('',#2818,3.5);
#828=VECTOR('',#2819,2.04);
#829=VECTOR('',#2824,3.5);
#830=VECTOR('',#2831,3.5);
#831=VECTOR('',#2836,2.04);
#832=VECTOR('',#2837,3.5);
#833=VECTOR('',#2838,2.04);
#834=VECTOR('',#2843,3.5);
#835=VECTOR('',#2850,3.5);
#836=VECTOR('',#2855,2.04);
#837=VECTOR('',#2856,3.5);
#838=VECTOR('',#2857,2.04);
#839=VECTOR('',#2862,3.5);
#840=VECTOR('',#2869,3.5);
#841=VECTOR('',#2874,2.04);
#842=VECTOR('',#2875,3.5);
#843=VECTOR('',#2876,2.04);
#844=VECTOR('',#2881,3.5);
#845=VECTOR('',#2888,3.5);
#846=VECTOR('',#2893,2.04);
#847=VECTOR('',#2894,3.5);
#848=VECTOR('',#2895,2.04);
#849=VECTOR('',#2900,3.5);
#850=VECTOR('',#2907,3.5);
#851=VECTOR('',#2912,2.04);
#852=VECTOR('',#2913,3.5);
#853=VECTOR('',#2914,2.04);
#854=VECTOR('',#2919,3.5);
#855=VECTOR('',#2926,3.5);
#856=VECTOR('',#2931,2.04);
#857=VECTOR('',#2932,3.5);
#858=VECTOR('',#2933,2.04);
#859=VECTOR('',#2938,3.5);
#860=VECTOR('',#2945,3.5);
#861=VECTOR('',#2950,2.04);
#862=VECTOR('',#2951,3.5);
#863=VECTOR('',#2952,2.04);
#864=VECTOR('',#2957,3.5);
#865=VECTOR('',#2964,3.5);
#866=VECTOR('',#2969,2.04);
#867=VECTOR('',#2970,3.5);
#868=VECTOR('',#2971,2.04);
#869=VECTOR('',#2976,3.5);
#870=VECTOR('',#2981,2.04000000000002);
#871=VECTOR('',#2982,3.5);
#872=VECTOR('',#2983,2.04000000000002);
#873=VECTOR('',#2988,3.5);
#874=VECTOR('',#2993,2.04);
#875=VECTOR('',#2994,3.5);
#876=VECTOR('',#2995,2.04);
#877=VECTOR('',#3000,3.5);
#878=VECTOR('',#3007,3.5);
#879=VECTOR('',#3012,2.04);
#880=VECTOR('',#3013,3.5);
#881=VECTOR('',#3014,2.04);
#882=VECTOR('',#3019,3.5);
#883=VECTOR('',#3026,3.5);
#884=VECTOR('',#3031,2.04);
#885=VECTOR('',#3032,3.5);
#886=VECTOR('',#3033,2.04);
#887=VECTOR('',#3038,3.5);
#888=VECTOR('',#3045,3.5);
#889=VECTOR('',#3050,2.04);
#890=VECTOR('',#3051,3.5);
#891=VECTOR('',#3052,2.04);
#892=VECTOR('',#3057,3.5);
#893=VECTOR('',#3064,3.5);
#894=VECTOR('',#3069,2.04);
#895=VECTOR('',#3070,3.5);
#896=VECTOR('',#3071,2.04);
#897=VECTOR('',#3076,3.5);
#898=VECTOR('',#3083,3.5);
#899=VECTOR('',#3088,2.04);
#900=VECTOR('',#3089,3.5);
#901=VECTOR('',#3090,2.04);
#902=VECTOR('',#3095,3.5);
#903=VECTOR('',#3102,3.5);
#904=VECTOR('',#3107,2.04);
#905=VECTOR('',#3108,3.5);
#906=VECTOR('',#3109,2.04);
#907=VECTOR('',#3114,3.5);
#908=VECTOR('',#3121,3.5);
#909=VECTOR('',#3126,2.04);
#910=VECTOR('',#3127,3.5);
#911=VECTOR('',#3128,2.04);
#912=VECTOR('',#3133,3.5);
#913=VECTOR('',#3140,3.5);
#914=VECTOR('',#3145,2.04);
#915=VECTOR('',#3146,3.5);
#916=VECTOR('',#3147,2.04);
#917=VECTOR('',#3152,3.5);
#918=VECTOR('',#3159,3.5);
#919=VECTOR('',#3164,2.04);
#920=VECTOR('',#3165,3.5);
#921=VECTOR('',#3166,2.04);
#922=VECTOR('',#3171,3.5);
#923=VECTOR('',#3178,3.5);
#924=VECTOR('',#3183,2.04000000000001);
#925=VECTOR('',#3184,3.5);
#926=VECTOR('',#3185,2.04000000000001);
#927=VECTOR('',#3190,3.5);
#928=VECTOR('',#3195,2.03999999999999);
#929=VECTOR('',#3196,3.5);
#930=VECTOR('',#3197,2.03999999999999);
#931=VERTEX_POINT('',#3210);
#932=VERTEX_POINT('',#3211);
#933=VERTEX_POINT('',#3213);
#934=VERTEX_POINT('',#3215);
#935=VERTEX_POINT('',#3219);
#936=VERTEX_POINT('',#3221);
#937=VERTEX_POINT('',#3225);
#938=VERTEX_POINT('',#3227);
#939=VERTEX_POINT('',#3234);
#940=VERTEX_POINT('',#3236);
#941=VERTEX_POINT('',#3239);
#942=VERTEX_POINT('',#3241);
#943=VERTEX_POINT('',#3248);
#944=VERTEX_POINT('',#3249);
#945=VERTEX_POINT('',#3251);
#946=VERTEX_POINT('',#3253);
#947=VERTEX_POINT('',#3257);
#948=VERTEX_POINT('',#3259);
#949=VERTEX_POINT('',#3263);
#950=VERTEX_POINT('',#3265);
#951=VERTEX_POINT('',#3274);
#952=VERTEX_POINT('',#3275);
#953=VERTEX_POINT('',#3277);
#954=VERTEX_POINT('',#3279);
#955=VERTEX_POINT('',#3283);
#956=VERTEX_POINT('',#3285);
#957=VERTEX_POINT('',#3289);
#958=VERTEX_POINT('',#3291);
#959=VERTEX_POINT('',#3300);
#960=VERTEX_POINT('',#3301);
#961=VERTEX_POINT('',#3303);
#962=VERTEX_POINT('',#3305);
#963=VERTEX_POINT('',#3309);
#964=VERTEX_POINT('',#3311);
#965=VERTEX_POINT('',#3315);
#966=VERTEX_POINT('',#3317);
#967=VERTEX_POINT('',#3326);
#968=VERTEX_POINT('',#3327);
#969=VERTEX_POINT('',#3329);
#970=VERTEX_POINT('',#3331);
#971=VERTEX_POINT('',#3335);
#972=VERTEX_POINT('',#3337);
#973=VERTEX_POINT('',#3341);
#974=VERTEX_POINT('',#3343);
#975=VERTEX_POINT('',#3352);
#976=VERTEX_POINT('',#3353);
#977=VERTEX_POINT('',#3355);
#978=VERTEX_POINT('',#3357);
#979=VERTEX_POINT('',#3361);
#980=VERTEX_POINT('',#3363);
#981=VERTEX_POINT('',#3367);
#982=VERTEX_POINT('',#3369);
#983=VERTEX_POINT('',#3378);
#984=VERTEX_POINT('',#3379);
#985=VERTEX_POINT('',#3381);
#986=VERTEX_POINT('',#3383);
#987=VERTEX_POINT('',#3387);
#988=VERTEX_POINT('',#3389);
#989=VERTEX_POINT('',#3393);
#990=VERTEX_POINT('',#3395);
#991=VERTEX_POINT('',#3404);
#992=VERTEX_POINT('',#3405);
#993=VERTEX_POINT('',#3407);
#994=VERTEX_POINT('',#3409);
#995=VERTEX_POINT('',#3413);
#996=VERTEX_POINT('',#3415);
#997=VERTEX_POINT('',#3419);
#998=VERTEX_POINT('',#3421);
#999=VERTEX_POINT('',#3430);
#1000=VERTEX_POINT('',#3431);
#1001=VERTEX_POINT('',#3433);
#1002=VERTEX_POINT('',#3435);
#1003=VERTEX_POINT('',#3439);
#1004=VERTEX_POINT('',#3441);
#1005=VERTEX_POINT('',#3445);
#1006=VERTEX_POINT('',#3447);
#1007=VERTEX_POINT('',#3456);
#1008=VERTEX_POINT('',#3457);
#1009=VERTEX_POINT('',#3459);
#1010=VERTEX_POINT('',#3461);
#1011=VERTEX_POINT('',#3465);
#1012=VERTEX_POINT('',#3467);
#1013=VERTEX_POINT('',#3471);
#1014=VERTEX_POINT('',#3473);
#1015=VERTEX_POINT('',#3477);
#1016=VERTEX_POINT('',#3479);
#1017=VERTEX_POINT('',#3483);
#1018=VERTEX_POINT('',#3485);
#1019=VERTEX_POINT('',#3489);
#1020=VERTEX_POINT('',#3491);
#1021=VERTEX_POINT('',#3495);
#1022=VERTEX_POINT('',#3497);
#1023=VERTEX_POINT('',#3501);
#1024=VERTEX_POINT('',#3503);
#1025=VERTEX_POINT('',#3507);
#1026=VERTEX_POINT('',#3509);
#1027=VERTEX_POINT('',#3513);
#1028=VERTEX_POINT('',#3515);
#1029=VERTEX_POINT('',#3519);
#1030=VERTEX_POINT('',#3521);
#1031=VERTEX_POINT('',#3525);
#1032=VERTEX_POINT('',#3527);
#1033=VERTEX_POINT('',#3531);
#1034=VERTEX_POINT('',#3533);
#1035=VERTEX_POINT('',#3537);
#1036=VERTEX_POINT('',#3539);
#1037=VERTEX_POINT('',#3543);
#1038=VERTEX_POINT('',#3545);
#1039=VERTEX_POINT('',#3549);
#1040=VERTEX_POINT('',#3551);
#1041=VERTEX_POINT('',#3555);
#1042=VERTEX_POINT('',#3557);
#1043=VERTEX_POINT('',#3561);
#1044=VERTEX_POINT('',#3563);
#1045=VERTEX_POINT('',#3567);
#1046=VERTEX_POINT('',#3569);
#1047=VERTEX_POINT('',#3573);
#1048=VERTEX_POINT('',#3575);
#1049=VERTEX_POINT('',#3579);
#1050=VERTEX_POINT('',#3581);
#1051=VERTEX_POINT('',#3585);
#1052=VERTEX_POINT('',#3587);
#1053=VERTEX_POINT('',#3591);
#1054=VERTEX_POINT('',#3593);
#1055=VERTEX_POINT('',#3597);
#1056=VERTEX_POINT('',#3599);
#1057=VERTEX_POINT('',#3603);
#1058=VERTEX_POINT('',#3605);
#1059=VERTEX_POINT('',#3609);
#1060=VERTEX_POINT('',#3611);
#1061=VERTEX_POINT('',#3615);
#1062=VERTEX_POINT('',#3617);
#1063=VERTEX_POINT('',#3621);
#1064=VERTEX_POINT('',#3623);
#1065=VERTEX_POINT('',#3627);
#1066=VERTEX_POINT('',#3629);
#1067=VERTEX_POINT('',#3633);
#1068=VERTEX_POINT('',#3635);
#1069=VERTEX_POINT('',#3639);
#1070=VERTEX_POINT('',#3641);
#1071=VERTEX_POINT('',#3645);
#1072=VERTEX_POINT('',#3647);
#1073=VERTEX_POINT('',#3651);
#1074=VERTEX_POINT('',#3653);
#1075=VERTEX_POINT('',#3657);
#1076=VERTEX_POINT('',#3659);
#1077=VERTEX_POINT('',#3663);
#1078=VERTEX_POINT('',#3665);
#1079=VERTEX_POINT('',#3669);
#1080=VERTEX_POINT('',#3671);
#1081=VERTEX_POINT('',#3675);
#1082=VERTEX_POINT('',#3677);
#1083=VERTEX_POINT('',#3681);
#1084=VERTEX_POINT('',#3683);
#1085=VERTEX_POINT('',#3687);
#1086=VERTEX_POINT('',#3689);
#1087=VERTEX_POINT('',#3693);
#1088=VERTEX_POINT('',#3695);
#1089=VERTEX_POINT('',#3699);
#1090=VERTEX_POINT('',#3701);
#1091=VERTEX_POINT('',#3705);
#1092=VERTEX_POINT('',#3707);
#1093=VERTEX_POINT('',#3711);
#1094=VERTEX_POINT('',#3713);
#1095=VERTEX_POINT('',#3717);
#1096=VERTEX_POINT('',#3719);
#1097=VERTEX_POINT('',#3723);
#1098=VERTEX_POINT('',#3725);
#1099=VERTEX_POINT('',#3729);
#1100=VERTEX_POINT('',#3731);
#1101=VERTEX_POINT('',#3735);
#1102=VERTEX_POINT('',#3737);
#1103=VERTEX_POINT('',#3741);
#1104=VERTEX_POINT('',#3743);
#1105=VERTEX_POINT('',#3747);
#1106=VERTEX_POINT('',#3749);
#1107=VERTEX_POINT('',#3753);
#1108=VERTEX_POINT('',#3755);
#1109=VERTEX_POINT('',#3759);
#1110=VERTEX_POINT('',#3761);
#1111=VERTEX_POINT('',#3765);
#1112=VERTEX_POINT('',#3767);
#1113=VERTEX_POINT('',#3771);
#1114=VERTEX_POINT('',#3773);
#1115=VERTEX_POINT('',#3777);
#1116=VERTEX_POINT('',#3779);
#1117=VERTEX_POINT('',#3783);
#1118=VERTEX_POINT('',#3785);
#1119=VERTEX_POINT('',#3789);
#1120=VERTEX_POINT('',#3791);
#1121=VERTEX_POINT('',#3795);
#1122=VERTEX_POINT('',#3797);
#1123=VERTEX_POINT('',#3801);
#1124=VERTEX_POINT('',#3803);
#1125=VERTEX_POINT('',#3807);
#1126=VERTEX_POINT('',#3809);
#1127=VERTEX_POINT('',#3813);
#1128=VERTEX_POINT('',#3815);
#1129=VERTEX_POINT('',#3819);
#1130=VERTEX_POINT('',#3821);
#1131=VERTEX_POINT('',#3825);
#1132=VERTEX_POINT('',#3827);
#1133=VERTEX_POINT('',#3831);
#1134=VERTEX_POINT('',#3833);
#1135=VERTEX_POINT('',#3837);
#1136=VERTEX_POINT('',#3839);
#1137=VERTEX_POINT('',#3843);
#1138=VERTEX_POINT('',#3845);
#1139=VERTEX_POINT('',#3849);
#1140=VERTEX_POINT('',#3851);
#1141=VERTEX_POINT('',#3855);
#1142=VERTEX_POINT('',#3857);
#1143=EDGE_CURVE('',#931,#932,#479,.T.);
#1144=EDGE_CURVE('',#933,#932,#480,.T.);
#1145=EDGE_CURVE('',#934,#933,#481,.T.);
#1146=EDGE_CURVE('',#934,#931,#482,.T.);
#1147=EDGE_CURVE('',#932,#935,#483,.T.);
#1148=EDGE_CURVE('',#936,#935,#484,.T.);
#1149=EDGE_CURVE('',#933,#936,#485,.T.);
#1150=EDGE_CURVE('',#935,#937,#486,.T.);
#1151=EDGE_CURVE('',#938,#937,#487,.T.);
#1152=EDGE_CURVE('',#936,#938,#488,.T.);
#1153=EDGE_CURVE('',#937,#931,#489,.T.);
#1154=EDGE_CURVE('',#938,#934,#490,.T.);
#1155=EDGE_CURVE('',#939,#939,#131,.T.);
#1156=EDGE_CURVE('',#940,#940,#132,.T.);
#1157=EDGE_CURVE('',#941,#941,#133,.T.);
#1158=EDGE_CURVE('',#942,#942,#134,.T.);
#1159=EDGE_CURVE('',#942,#940,#491,.T.);
#1160=EDGE_CURVE('',#941,#939,#492,.T.);
#1161=EDGE_CURVE('',#943,#944,#493,.T.);
#1162=EDGE_CURVE('',#945,#944,#494,.T.);
#1163=EDGE_CURVE('',#946,#945,#495,.T.);
#1164=EDGE_CURVE('',#946,#943,#496,.T.);
#1165=EDGE_CURVE('',#944,#947,#497,.T.);
#1166=EDGE_CURVE('',#948,#947,#498,.T.);
#1167=EDGE_CURVE('',#945,#948,#499,.T.);
#1168=EDGE_CURVE('',#947,#949,#500,.T.);
#1169=EDGE_CURVE('',#950,#949,#501,.T.);
#1170=EDGE_CURVE('',#948,#950,#502,.T.);
#1171=EDGE_CURVE('',#949,#943,#503,.T.);
#1172=EDGE_CURVE('',#950,#946,#504,.T.);
#1173=EDGE_CURVE('',#951,#952,#505,.T.);
#1174=EDGE_CURVE('',#953,#952,#506,.T.);
#1175=EDGE_CURVE('',#954,#953,#507,.T.);
#1176=EDGE_CURVE('',#954,#951,#508,.T.);
#1177=EDGE_CURVE('',#952,#955,#509,.T.);
#1178=EDGE_CURVE('',#956,#955,#510,.T.);
#1179=EDGE_CURVE('',#953,#956,#511,.T.);
#1180=EDGE_CURVE('',#955,#957,#512,.T.);
#1181=EDGE_CURVE('',#958,#957,#513,.T.);
#1182=EDGE_CURVE('',#956,#958,#514,.T.);
#1183=EDGE_CURVE('',#957,#951,#515,.T.);
#1184=EDGE_CURVE('',#958,#954,#516,.T.);
#1185=EDGE_CURVE('',#959,#960,#517,.T.);
#1186=EDGE_CURVE('',#961,#960,#518,.T.);
#1187=EDGE_CURVE('',#962,#961,#519,.T.);
#1188=EDGE_CURVE('',#962,#959,#520,.T.);
#1189=EDGE_CURVE('',#960,#963,#521,.T.);
#1190=EDGE_CURVE('',#964,#963,#522,.T.);
#1191=EDGE_CURVE('',#961,#964,#523,.T.);
#1192=EDGE_CURVE('',#963,#965,#524,.T.);
#1193=EDGE_CURVE('',#966,#965,#525,.T.);
#1194=EDGE_CURVE('',#964,#966,#526,.T.);
#1195=EDGE_CURVE('',#965,#959,#527,.T.);
#1196=EDGE_CURVE('',#966,#962,#528,.T.);
#1197=EDGE_CURVE('',#967,#968,#529,.T.);
#1198=EDGE_CURVE('',#969,#968,#530,.T.);
#1199=EDGE_CURVE('',#970,#969,#531,.T.);
#1200=EDGE_CURVE('',#970,#967,#532,.T.);
#1201=EDGE_CURVE('',#968,#971,#533,.T.);
#1202=EDGE_CURVE('',#972,#971,#534,.T.);
#1203=EDGE_CURVE('',#969,#972,#535,.T.);
#1204=EDGE_CURVE('',#971,#973,#536,.T.);
#1205=EDGE_CURVE('',#974,#973,#537,.T.);
#1206=EDGE_CURVE('',#972,#974,#538,.T.);
#1207=EDGE_CURVE('',#973,#967,#539,.T.);
#1208=EDGE_CURVE('',#974,#970,#540,.T.);
#1209=EDGE_CURVE('',#975,#976,#541,.T.);
#1210=EDGE_CURVE('',#977,#976,#542,.T.);
#1211=EDGE_CURVE('',#978,#977,#543,.T.);
#1212=EDGE_CURVE('',#978,#975,#544,.T.);
#1213=EDGE_CURVE('',#976,#979,#545,.T.);
#1214=EDGE_CURVE('',#980,#979,#546,.T.);
#1215=EDGE_CURVE('',#977,#980,#547,.T.);
#1216=EDGE_CURVE('',#979,#981,#548,.T.);
#1217=EDGE_CURVE('',#982,#981,#549,.T.);
#1218=EDGE_CURVE('',#980,#982,#550,.T.);
#1219=EDGE_CURVE('',#981,#975,#551,.T.);
#1220=EDGE_CURVE('',#982,#978,#552,.T.);
#1221=EDGE_CURVE('',#983,#984,#553,.T.);
#1222=EDGE_CURVE('',#985,#984,#554,.T.);
#1223=EDGE_CURVE('',#986,#985,#555,.T.);
#1224=EDGE_CURVE('',#986,#983,#556,.T.);
#1225=EDGE_CURVE('',#984,#987,#557,.T.);
#1226=EDGE_CURVE('',#988,#987,#558,.T.);
#1227=EDGE_CURVE('',#985,#988,#559,.T.);
#1228=EDGE_CURVE('',#987,#989,#560,.T.);
#1229=EDGE_CURVE('',#990,#989,#561,.T.);
#1230=EDGE_CURVE('',#988,#990,#562,.T.);
#1231=EDGE_CURVE('',#989,#983,#563,.T.);
#1232=EDGE_CURVE('',#990,#986,#564,.T.);
#1233=EDGE_CURVE('',#991,#992,#565,.T.);
#1234=EDGE_CURVE('',#993,#992,#566,.T.);
#1235=EDGE_CURVE('',#994,#993,#567,.T.);
#1236=EDGE_CURVE('',#994,#991,#568,.T.);
#1237=EDGE_CURVE('',#992,#995,#569,.T.);
#1238=EDGE_CURVE('',#996,#995,#570,.T.);
#1239=EDGE_CURVE('',#993,#996,#571,.T.);
#1240=EDGE_CURVE('',#995,#997,#572,.T.);
#1241=EDGE_CURVE('',#998,#997,#573,.T.);
#1242=EDGE_CURVE('',#996,#998,#574,.T.);
#1243=EDGE_CURVE('',#997,#991,#575,.T.);
#1244=EDGE_CURVE('',#998,#994,#576,.T.);
#1245=EDGE_CURVE('',#999,#1000,#577,.T.);
#1246=EDGE_CURVE('',#1001,#1000,#578,.T.);
#1247=EDGE_CURVE('',#1002,#1001,#579,.T.);
#1248=EDGE_CURVE('',#1002,#999,#580,.T.);
#1249=EDGE_CURVE('',#1000,#1003,#581,.T.);
#1250=EDGE_CURVE('',#1004,#1003,#582,.T.);
#1251=EDGE_CURVE('',#1001,#1004,#583,.T.);
#1252=EDGE_CURVE('',#1003,#1005,#584,.T.);
#1253=EDGE_CURVE('',#1006,#1005,#585,.T.);
#1254=EDGE_CURVE('',#1004,#1006,#586,.T.);
#1255=EDGE_CURVE('',#1005,#999,#587,.T.);
#1256=EDGE_CURVE('',#1006,#1002,#588,.T.);
#1257=EDGE_CURVE('',#1007,#1008,#589,.T.);
#1258=EDGE_CURVE('',#1009,#1008,#590,.T.);
#1259=EDGE_CURVE('',#1010,#1009,#591,.T.);
#1260=EDGE_CURVE('',#1010,#1007,#592,.T.);
#1261=EDGE_CURVE('',#1008,#1011,#135,.T.);
#1262=EDGE_CURVE('',#1012,#1011,#593,.T.);
#1263=EDGE_CURVE('',#1009,#1012,#136,.T.);
#1264=EDGE_CURVE('',#1011,#1013,#137,.T.);
#1265=EDGE_CURVE('',#1014,#1013,#594,.T.);
#1266=EDGE_CURVE('',#1012,#1014,#138,.T.);
#1267=EDGE_CURVE('',#1013,#1015,#595,.T.);
#1268=EDGE_CURVE('',#1016,#1015,#596,.T.);
#1269=EDGE_CURVE('',#1014,#1016,#597,.T.);
#1270=EDGE_CURVE('',#1015,#1017,#139,.T.);
#1271=EDGE_CURVE('',#1018,#1017,#598,.T.);
#1272=EDGE_CURVE('',#1016,#1018,#140,.T.);
#1273=EDGE_CURVE('',#1017,#1019,#141,.T.);
#1274=EDGE_CURVE('',#1020,#1019,#599,.T.);
#1275=EDGE_CURVE('',#1018,#1020,#142,.T.);
#1276=EDGE_CURVE('',#1019,#1021,#600,.T.);
#1277=EDGE_CURVE('',#1022,#1021,#601,.T.);
#1278=EDGE_CURVE('',#1020,#1022,#602,.T.);
#1279=EDGE_CURVE('',#1021,#1023,#143,.T.);
#1280=EDGE_CURVE('',#1024,#1023,#603,.T.);
#1281=EDGE_CURVE('',#1022,#1024,#144,.T.);
#1282=EDGE_CURVE('',#1023,#1025,#145,.T.);
#1283=EDGE_CURVE('',#1026,#1025,#604,.T.);
#1284=EDGE_CURVE('',#1024,#1026,#146,.T.);
#1285=EDGE_CURVE('',#1025,#1027,#605,.T.);
#1286=EDGE_CURVE('',#1028,#1027,#606,.T.);
#1287=EDGE_CURVE('',#1026,#1028,#607,.T.);
#1288=EDGE_CURVE('',#1027,#1029,#147,.T.);
#1289=EDGE_CURVE('',#1030,#1029,#608,.T.);
#1290=EDGE_CURVE('',#1028,#1030,#148,.T.);
#1291=EDGE_CURVE('',#1029,#1031,#149,.T.);
#1292=EDGE_CURVE('',#1032,#1031,#609,.T.);
#1293=EDGE_CURVE('',#1030,#1032,#150,.T.);
#1294=EDGE_CURVE('',#1031,#1033,#610,.T.);
#1295=EDGE_CURVE('',#1034,#1033,#611,.T.);
#1296=EDGE_CURVE('',#1032,#1034,#612,.T.);
#1297=EDGE_CURVE('',#1033,#1035,#151,.T.);
#1298=EDGE_CURVE('',#1036,#1035,#613,.T.);
#1299=EDGE_CURVE('',#1034,#1036,#152,.T.);
#1300=EDGE_CURVE('',#1035,#1037,#153,.T.);
#1301=EDGE_CURVE('',#1038,#1037,#614,.T.);
#1302=EDGE_CURVE('',#1036,#1038,#154,.T.);
#1303=EDGE_CURVE('',#1037,#1039,#615,.T.);
#1304=EDGE_CURVE('',#1040,#1039,#616,.T.);
#1305=EDGE_CURVE('',#1038,#1040,#617,.T.);
#1306=EDGE_CURVE('',#1039,#1041,#155,.T.);
#1307=EDGE_CURVE('',#1042,#1041,#618,.T.);
#1308=EDGE_CURVE('',#1040,#1042,#156,.T.);
#1309=EDGE_CURVE('',#1041,#1043,#157,.T.);
#1310=EDGE_CURVE('',#1044,#1043,#619,.T.);
#1311=EDGE_CURVE('',#1042,#1044,#158,.T.);
#1312=EDGE_CURVE('',#1043,#1045,#620,.T.);
#1313=EDGE_CURVE('',#1046,#1045,#621,.T.);
#1314=EDGE_CURVE('',#1044,#1046,#622,.T.);
#1315=EDGE_CURVE('',#1045,#1047,#159,.T.);
#1316=EDGE_CURVE('',#1048,#1047,#623,.T.);
#1317=EDGE_CURVE('',#1046,#1048,#160,.T.);
#1318=EDGE_CURVE('',#1047,#1049,#161,.T.);
#1319=EDGE_CURVE('',#1050,#1049,#624,.T.);
#1320=EDGE_CURVE('',#1048,#1050,#162,.T.);
#1321=EDGE_CURVE('',#1049,#1051,#625,.T.);
#1322=EDGE_CURVE('',#1052,#1051,#626,.T.);
#1323=EDGE_CURVE('',#1050,#1052,#627,.T.);
#1324=EDGE_CURVE('',#1051,#1053,#163,.T.);
#1325=EDGE_CURVE('',#1054,#1053,#628,.T.);
#1326=EDGE_CURVE('',#1052,#1054,#164,.T.);
#1327=EDGE_CURVE('',#1053,#1055,#165,.T.);
#1328=EDGE_CURVE('',#1056,#1055,#629,.T.);
#1329=EDGE_CURVE('',#1054,#1056,#166,.T.);
#1330=EDGE_CURVE('',#1055,#1057,#630,.T.);
#1331=EDGE_CURVE('',#1058,#1057,#631,.T.);
#1332=EDGE_CURVE('',#1056,#1058,#632,.T.);
#1333=EDGE_CURVE('',#1057,#1059,#167,.T.);
#1334=EDGE_CURVE('',#1060,#1059,#633,.T.);
#1335=EDGE_CURVE('',#1058,#1060,#168,.T.);
#1336=EDGE_CURVE('',#1059,#1061,#169,.T.);
#1337=EDGE_CURVE('',#1062,#1061,#634,.T.);
#1338=EDGE_CURVE('',#1060,#1062,#170,.T.);
#1339=EDGE_CURVE('',#1061,#1063,#635,.T.);
#1340=EDGE_CURVE('',#1064,#1063,#636,.T.);
#1341=EDGE_CURVE('',#1062,#1064,#637,.T.);
#1342=EDGE_CURVE('',#1063,#1065,#171,.T.);
#1343=EDGE_CURVE('',#1066,#1065,#638,.T.);
#1344=EDGE_CURVE('',#1064,#1066,#172,.T.);
#1345=EDGE_CURVE('',#1065,#1067,#173,.T.);
#1346=EDGE_CURVE('',#1068,#1067,#639,.T.);
#1347=EDGE_CURVE('',#1066,#1068,#174,.T.);
#1348=EDGE_CURVE('',#1067,#1069,#640,.T.);
#1349=EDGE_CURVE('',#1070,#1069,#641,.T.);
#1350=EDGE_CURVE('',#1068,#1070,#642,.T.);
#1351=EDGE_CURVE('',#1069,#1071,#175,.T.);
#1352=EDGE_CURVE('',#1072,#1071,#643,.T.);
#1353=EDGE_CURVE('',#1070,#1072,#176,.T.);
#1354=EDGE_CURVE('',#1073,#1071,#644,.T.);
#1355=EDGE_CURVE('',#1074,#1073,#645,.T.);
#1356=EDGE_CURVE('',#1074,#1072,#646,.T.);
#1357=EDGE_CURVE('',#1075,#1073,#177,.F.);
#1358=EDGE_CURVE('',#1076,#1075,#647,.T.);
#1359=EDGE_CURVE('',#1076,#1074,#178,.F.);
#1360=EDGE_CURVE('',#1075,#1077,#648,.T.);
#1361=EDGE_CURVE('',#1078,#1077,#649,.T.);
#1362=EDGE_CURVE('',#1076,#1078,#650,.T.);
#1363=EDGE_CURVE('',#1077,#1079,#179,.T.);
#1364=EDGE_CURVE('',#1080,#1079,#651,.T.);
#1365=EDGE_CURVE('',#1078,#1080,#180,.T.);
#1366=EDGE_CURVE('',#1081,#1079,#181,.F.);
#1367=EDGE_CURVE('',#1082,#1081,#652,.T.);
#1368=EDGE_CURVE('',#1082,#1080,#182,.F.);
#1369=EDGE_CURVE('',#1081,#1083,#653,.T.);
#1370=EDGE_CURVE('',#1084,#1083,#654,.T.);
#1371=EDGE_CURVE('',#1082,#1084,#655,.T.);
#1372=EDGE_CURVE('',#1083,#1085,#183,.T.);
#1373=EDGE_CURVE('',#1086,#1085,#656,.T.);
#1374=EDGE_CURVE('',#1084,#1086,#184,.T.);
#1375=EDGE_CURVE('',#1087,#1085,#185,.F.);
#1376=EDGE_CURVE('',#1088,#1087,#657,.T.);
#1377=EDGE_CURVE('',#1088,#1086,#186,.F.);
#1378=EDGE_CURVE('',#1087,#1089,#658,.T.);
#1379=EDGE_CURVE('',#1090,#1089,#659,.T.);
#1380=EDGE_CURVE('',#1088,#1090,#660,.T.);
#1381=EDGE_CURVE('',#1089,#1091,#187,.T.);
#1382=EDGE_CURVE('',#1092,#1091,#661,.T.);
#1383=EDGE_CURVE('',#1090,#1092,#188,.T.);
#1384=EDGE_CURVE('',#1093,#1091,#189,.F.);
#1385=EDGE_CURVE('',#1094,#1093,#662,.T.);
#1386=EDGE_CURVE('',#1094,#1092,#190,.F.);
#1387=EDGE_CURVE('',#1093,#1095,#663,.T.);
#1388=EDGE_CURVE('',#1096,#1095,#664,.T.);
#1389=EDGE_CURVE('',#1094,#1096,#665,.T.);
#1390=EDGE_CURVE('',#1095,#1097,#191,.T.);
#1391=EDGE_CURVE('',#1098,#1097,#666,.T.);
#1392=EDGE_CURVE('',#1096,#1098,#192,.T.);
#1393=EDGE_CURVE('',#1099,#1097,#193,.F.);
#1394=EDGE_CURVE('',#1100,#1099,#667,.T.);
#1395=EDGE_CURVE('',#1100,#1098,#194,.F.);
#1396=EDGE_CURVE('',#1099,#1101,#668,.T.);
#1397=EDGE_CURVE('',#1102,#1101,#669,.T.);
#1398=EDGE_CURVE('',#1100,#1102,#670,.T.);
#1399=EDGE_CURVE('',#1101,#1103,#195,.T.);
#1400=EDGE_CURVE('',#1104,#1103,#671,.T.);
#1401=EDGE_CURVE('',#1102,#1104,#196,.T.);
#1402=EDGE_CURVE('',#1105,#1103,#197,.F.);
#1403=EDGE_CURVE('',#1106,#1105,#672,.T.);
#1404=EDGE_CURVE('',#1106,#1104,#198,.F.);
#1405=EDGE_CURVE('',#1105,#1107,#673,.T.);
#1406=EDGE_CURVE('',#1108,#1107,#674,.T.);
#1407=EDGE_CURVE('',#1106,#1108,#675,.T.);
#1408=EDGE_CURVE('',#1107,#1109,#199,.T.);
#1409=EDGE_CURVE('',#1110,#1109,#676,.T.);
#1410=EDGE_CURVE('',#1108,#1110,#200,.T.);
#1411=EDGE_CURVE('',#1111,#1109,#201,.F.);
#1412=EDGE_CURVE('',#1112,#1111,#677,.T.);
#1413=EDGE_CURVE('',#1112,#1110,#202,.F.);
#1414=EDGE_CURVE('',#1111,#1113,#678,.T.);
#1415=EDGE_CURVE('',#1114,#1113,#679,.T.);
#1416=EDGE_CURVE('',#1112,#1114,#680,.T.);
#1417=EDGE_CURVE('',#1113,#1115,#203,.T.);
#1418=EDGE_CURVE('',#1116,#1115,#681,.T.);
#1419=EDGE_CURVE('',#1114,#1116,#204,.T.);
#1420=EDGE_CURVE('',#1117,#1115,#205,.F.);
#1421=EDGE_CURVE('',#1118,#1117,#682,.T.);
#1422=EDGE_CURVE('',#1118,#1116,#206,.F.);
#1423=EDGE_CURVE('',#1117,#1119,#683,.T.);
#1424=EDGE_CURVE('',#1120,#1119,#684,.T.);
#1425=EDGE_CURVE('',#1118,#1120,#685,.T.);
#1426=EDGE_CURVE('',#1119,#1121,#207,.T.);
#1427=EDGE_CURVE('',#1122,#1121,#686,.T.);
#1428=EDGE_CURVE('',#1120,#1122,#208,.T.);
#1429=EDGE_CURVE('',#1123,#1121,#209,.F.);
#1430=EDGE_CURVE('',#1124,#1123,#687,.T.);
#1431=EDGE_CURVE('',#1124,#1122,#210,.F.);
#1432=EDGE_CURVE('',#1123,#1125,#688,.T.);
#1433=EDGE_CURVE('',#1126,#1125,#689,.T.);
#1434=EDGE_CURVE('',#1124,#1126,#690,.T.);
#1435=EDGE_CURVE('',#1125,#1127,#211,.T.);
#1436=EDGE_CURVE('',#1128,#1127,#691,.T.);
#1437=EDGE_CURVE('',#1126,#1128,#212,.T.);
#1438=EDGE_CURVE('',#1129,#1127,#213,.F.);
#1439=EDGE_CURVE('',#1130,#1129,#692,.T.);
#1440=EDGE_CURVE('',#1130,#1128,#214,.F.);
#1441=EDGE_CURVE('',#1129,#1131,#693,.T.);
#1442=EDGE_CURVE('',#1132,#1131,#694,.T.);
#1443=EDGE_CURVE('',#1130,#1132,#695,.T.);
#1444=EDGE_CURVE('',#1131,#1133,#215,.T.);
#1445=EDGE_CURVE('',#1134,#1133,#696,.T.);
#1446=EDGE_CURVE('',#1132,#1134,#216,.T.);
#1447=EDGE_CURVE('',#1135,#1133,#217,.F.);
#1448=EDGE_CURVE('',#1136,#1135,#697,.T.);
#1449=EDGE_CURVE('',#1136,#1134,#218,.F.);
#1450=EDGE_CURVE('',#1135,#1137,#698,.T.);
#1451=EDGE_CURVE('',#1138,#1137,#699,.T.);
#1452=EDGE_CURVE('',#1136,#1138,#700,.T.);
#1453=EDGE_CURVE('',#1137,#1139,#219,.T.);
#1454=EDGE_CURVE('',#1140,#1139,#701,.T.);
#1455=EDGE_CURVE('',#1138,#1140,#220,.T.);
#1456=EDGE_CURVE('',#1139,#1141,#702,.T.);
#1457=EDGE_CURVE('',#1142,#1141,#703,.T.);
#1458=EDGE_CURVE('',#1140,#1142,#704,.T.);
#1459=EDGE_CURVE('',#1141,#1007,#221,.T.);
#1460=EDGE_CURVE('',#1142,#1010,#222,.T.);
#1461=ORIENTED_EDGE('',*,*,#1143,.T.);
#1462=ORIENTED_EDGE('',*,*,#1144,.F.);
#1463=ORIENTED_EDGE('',*,*,#1145,.F.);
#1464=ORIENTED_EDGE('',*,*,#1146,.T.);
#1465=ORIENTED_EDGE('',*,*,#1147,.T.);
#1466=ORIENTED_EDGE('',*,*,#1148,.F.);
#1467=ORIENTED_EDGE('',*,*,#1149,.F.);
#1468=ORIENTED_EDGE('',*,*,#1144,.T.);
#1469=ORIENTED_EDGE('',*,*,#1150,.T.);
#1470=ORIENTED_EDGE('',*,*,#1151,.F.);
#1471=ORIENTED_EDGE('',*,*,#1152,.F.);
#1472=ORIENTED_EDGE('',*,*,#1148,.T.);
#1473=ORIENTED_EDGE('',*,*,#1153,.T.);
#1474=ORIENTED_EDGE('',*,*,#1146,.F.);
#1475=ORIENTED_EDGE('',*,*,#1154,.F.);
#1476=ORIENTED_EDGE('',*,*,#1151,.T.);
#1477=ORIENTED_EDGE('',*,*,#1145,.T.);
#1478=ORIENTED_EDGE('',*,*,#1149,.T.);
#1479=ORIENTED_EDGE('',*,*,#1152,.T.);
#1480=ORIENTED_EDGE('',*,*,#1154,.T.);
#1481=ORIENTED_EDGE('',*,*,#1155,.F.);
#1482=ORIENTED_EDGE('',*,*,#1156,.F.);
#1483=ORIENTED_EDGE('',*,*,#1143,.F.);
#1484=ORIENTED_EDGE('',*,*,#1153,.F.);
#1485=ORIENTED_EDGE('',*,*,#1150,.F.);
#1486=ORIENTED_EDGE('',*,*,#1147,.F.);
#1487=ORIENTED_EDGE('',*,*,#1157,.T.);
#1488=ORIENTED_EDGE('',*,*,#1158,.T.);
#1489=ORIENTED_EDGE('',*,*,#1158,.F.);
#1490=ORIENTED_EDGE('',*,*,#1159,.T.);
#1491=ORIENTED_EDGE('',*,*,#1156,.T.);
#1492=ORIENTED_EDGE('',*,*,#1159,.F.);
#1493=ORIENTED_EDGE('',*,*,#1157,.F.);
#1494=ORIENTED_EDGE('',*,*,#1160,.T.);
#1495=ORIENTED_EDGE('',*,*,#1155,.T.);
#1496=ORIENTED_EDGE('',*,*,#1160,.F.);
#1497=ORIENTED_EDGE('',*,*,#1161,.T.);
#1498=ORIENTED_EDGE('',*,*,#1162,.F.);
#1499=ORIENTED_EDGE('',*,*,#1163,.F.);
#1500=ORIENTED_EDGE('',*,*,#1164,.T.);
#1501=ORIENTED_EDGE('',*,*,#1165,.T.);
#1502=ORIENTED_EDGE('',*,*,#1166,.F.);
#1503=ORIENTED_EDGE('',*,*,#1167,.F.);
#1504=ORIENTED_EDGE('',*,*,#1162,.T.);
#1505=ORIENTED_EDGE('',*,*,#1168,.T.);
#1506=ORIENTED_EDGE('',*,*,#1169,.F.);
#1507=ORIENTED_EDGE('',*,*,#1170,.F.);
#1508=ORIENTED_EDGE('',*,*,#1166,.T.);
#1509=ORIENTED_EDGE('',*,*,#1171,.T.);
#1510=ORIENTED_EDGE('',*,*,#1164,.F.);
#1511=ORIENTED_EDGE('',*,*,#1172,.F.);
#1512=ORIENTED_EDGE('',*,*,#1169,.T.);
#1513=ORIENTED_EDGE('',*,*,#1163,.T.);
#1514=ORIENTED_EDGE('',*,*,#1167,.T.);
#1515=ORIENTED_EDGE('',*,*,#1170,.T.);
#1516=ORIENTED_EDGE('',*,*,#1172,.T.);
#1517=ORIENTED_EDGE('',*,*,#1161,.F.);
#1518=ORIENTED_EDGE('',*,*,#1171,.F.);
#1519=ORIENTED_EDGE('',*,*,#1168,.F.);
#1520=ORIENTED_EDGE('',*,*,#1165,.F.);
#1521=ORIENTED_EDGE('',*,*,#1173,.T.);
#1522=ORIENTED_EDGE('',*,*,#1174,.F.);
#1523=ORIENTED_EDGE('',*,*,#1175,.F.);
#1524=ORIENTED_EDGE('',*,*,#1176,.T.);
#1525=ORIENTED_EDGE('',*,*,#1177,.T.);
#1526=ORIENTED_EDGE('',*,*,#1178,.F.);
#1527=ORIENTED_EDGE('',*,*,#1179,.F.);
#1528=ORIENTED_EDGE('',*,*,#1174,.T.);
#1529=ORIENTED_EDGE('',*,*,#1180,.T.);
#1530=ORIENTED_EDGE('',*,*,#1181,.F.);
#1531=ORIENTED_EDGE('',*,*,#1182,.F.);
#1532=ORIENTED_EDGE('',*,*,#1178,.T.);
#1533=ORIENTED_EDGE('',*,*,#1183,.T.);
#1534=ORIENTED_EDGE('',*,*,#1176,.F.);
#1535=ORIENTED_EDGE('',*,*,#1184,.F.);
#1536=ORIENTED_EDGE('',*,*,#1181,.T.);
#1537=ORIENTED_EDGE('',*,*,#1175,.T.);
#1538=ORIENTED_EDGE('',*,*,#1179,.T.);
#1539=ORIENTED_EDGE('',*,*,#1182,.T.);
#1540=ORIENTED_EDGE('',*,*,#1184,.T.);
#1541=ORIENTED_EDGE('',*,*,#1173,.F.);
#1542=ORIENTED_EDGE('',*,*,#1183,.F.);
#1543=ORIENTED_EDGE('',*,*,#1180,.F.);
#1544=ORIENTED_EDGE('',*,*,#1177,.F.);
#1545=ORIENTED_EDGE('',*,*,#1185,.T.);
#1546=ORIENTED_EDGE('',*,*,#1186,.F.);
#1547=ORIENTED_EDGE('',*,*,#1187,.F.);
#1548=ORIENTED_EDGE('',*,*,#1188,.T.);
#1549=ORIENTED_EDGE('',*,*,#1189,.T.);
#1550=ORIENTED_EDGE('',*,*,#1190,.F.);
#1551=ORIENTED_EDGE('',*,*,#1191,.F.);
#1552=ORIENTED_EDGE('',*,*,#1186,.T.);
#1553=ORIENTED_EDGE('',*,*,#1192,.T.);
#1554=ORIENTED_EDGE('',*,*,#1193,.F.);
#1555=ORIENTED_EDGE('',*,*,#1194,.F.);
#1556=ORIENTED_EDGE('',*,*,#1190,.T.);
#1557=ORIENTED_EDGE('',*,*,#1195,.T.);
#1558=ORIENTED_EDGE('',*,*,#1188,.F.);
#1559=ORIENTED_EDGE('',*,*,#1196,.F.);
#1560=ORIENTED_EDGE('',*,*,#1193,.T.);
#1561=ORIENTED_EDGE('',*,*,#1187,.T.);
#1562=ORIENTED_EDGE('',*,*,#1191,.T.);
#1563=ORIENTED_EDGE('',*,*,#1194,.T.);
#1564=ORIENTED_EDGE('',*,*,#1196,.T.);
#1565=ORIENTED_EDGE('',*,*,#1185,.F.);
#1566=ORIENTED_EDGE('',*,*,#1195,.F.);
#1567=ORIENTED_EDGE('',*,*,#1192,.F.);
#1568=ORIENTED_EDGE('',*,*,#1189,.F.);
#1569=ORIENTED_EDGE('',*,*,#1197,.T.);
#1570=ORIENTED_EDGE('',*,*,#1198,.F.);
#1571=ORIENTED_EDGE('',*,*,#1199,.F.);
#1572=ORIENTED_EDGE('',*,*,#1200,.T.);
#1573=ORIENTED_EDGE('',*,*,#1201,.T.);
#1574=ORIENTED_EDGE('',*,*,#1202,.F.);
#1575=ORIENTED_EDGE('',*,*,#1203,.F.);
#1576=ORIENTED_EDGE('',*,*,#1198,.T.);
#1577=ORIENTED_EDGE('',*,*,#1204,.T.);
#1578=ORIENTED_EDGE('',*,*,#1205,.F.);
#1579=ORIENTED_EDGE('',*,*,#1206,.F.);
#1580=ORIENTED_EDGE('',*,*,#1202,.T.);
#1581=ORIENTED_EDGE('',*,*,#1207,.T.);
#1582=ORIENTED_EDGE('',*,*,#1200,.F.);
#1583=ORIENTED_EDGE('',*,*,#1208,.F.);
#1584=ORIENTED_EDGE('',*,*,#1205,.T.);
#1585=ORIENTED_EDGE('',*,*,#1199,.T.);
#1586=ORIENTED_EDGE('',*,*,#1203,.T.);
#1587=ORIENTED_EDGE('',*,*,#1206,.T.);
#1588=ORIENTED_EDGE('',*,*,#1208,.T.);
#1589=ORIENTED_EDGE('',*,*,#1197,.F.);
#1590=ORIENTED_EDGE('',*,*,#1207,.F.);
#1591=ORIENTED_EDGE('',*,*,#1204,.F.);
#1592=ORIENTED_EDGE('',*,*,#1201,.F.);
#1593=ORIENTED_EDGE('',*,*,#1209,.T.);
#1594=ORIENTED_EDGE('',*,*,#1210,.F.);
#1595=ORIENTED_EDGE('',*,*,#1211,.F.);
#1596=ORIENTED_EDGE('',*,*,#1212,.T.);
#1597=ORIENTED_EDGE('',*,*,#1213,.T.);
#1598=ORIENTED_EDGE('',*,*,#1214,.F.);
#1599=ORIENTED_EDGE('',*,*,#1215,.F.);
#1600=ORIENTED_EDGE('',*,*,#1210,.T.);
#1601=ORIENTED_EDGE('',*,*,#1216,.T.);
#1602=ORIENTED_EDGE('',*,*,#1217,.F.);
#1603=ORIENTED_EDGE('',*,*,#1218,.F.);
#1604=ORIENTED_EDGE('',*,*,#1214,.T.);
#1605=ORIENTED_EDGE('',*,*,#1219,.T.);
#1606=ORIENTED_EDGE('',*,*,#1212,.F.);
#1607=ORIENTED_EDGE('',*,*,#1220,.F.);
#1608=ORIENTED_EDGE('',*,*,#1217,.T.);
#1609=ORIENTED_EDGE('',*,*,#1211,.T.);
#1610=ORIENTED_EDGE('',*,*,#1215,.T.);
#1611=ORIENTED_EDGE('',*,*,#1218,.T.);
#1612=ORIENTED_EDGE('',*,*,#1220,.T.);
#1613=ORIENTED_EDGE('',*,*,#1209,.F.);
#1614=ORIENTED_EDGE('',*,*,#1219,.F.);
#1615=ORIENTED_EDGE('',*,*,#1216,.F.);
#1616=ORIENTED_EDGE('',*,*,#1213,.F.);
#1617=ORIENTED_EDGE('',*,*,#1221,.T.);
#1618=ORIENTED_EDGE('',*,*,#1222,.F.);
#1619=ORIENTED_EDGE('',*,*,#1223,.F.);
#1620=ORIENTED_EDGE('',*,*,#1224,.T.);
#1621=ORIENTED_EDGE('',*,*,#1225,.T.);
#1622=ORIENTED_EDGE('',*,*,#1226,.F.);
#1623=ORIENTED_EDGE('',*,*,#1227,.F.);
#1624=ORIENTED_EDGE('',*,*,#1222,.T.);
#1625=ORIENTED_EDGE('',*,*,#1228,.T.);
#1626=ORIENTED_EDGE('',*,*,#1229,.F.);
#1627=ORIENTED_EDGE('',*,*,#1230,.F.);
#1628=ORIENTED_EDGE('',*,*,#1226,.T.);
#1629=ORIENTED_EDGE('',*,*,#1231,.T.);
#1630=ORIENTED_EDGE('',*,*,#1224,.F.);
#1631=ORIENTED_EDGE('',*,*,#1232,.F.);
#1632=ORIENTED_EDGE('',*,*,#1229,.T.);
#1633=ORIENTED_EDGE('',*,*,#1223,.T.);
#1634=ORIENTED_EDGE('',*,*,#1227,.T.);
#1635=ORIENTED_EDGE('',*,*,#1230,.T.);
#1636=ORIENTED_EDGE('',*,*,#1232,.T.);
#1637=ORIENTED_EDGE('',*,*,#1221,.F.);
#1638=ORIENTED_EDGE('',*,*,#1231,.F.);
#1639=ORIENTED_EDGE('',*,*,#1228,.F.);
#1640=ORIENTED_EDGE('',*,*,#1225,.F.);
#1641=ORIENTED_EDGE('',*,*,#1233,.T.);
#1642=ORIENTED_EDGE('',*,*,#1234,.F.);
#1643=ORIENTED_EDGE('',*,*,#1235,.F.);
#1644=ORIENTED_EDGE('',*,*,#1236,.T.);
#1645=ORIENTED_EDGE('',*,*,#1237,.T.);
#1646=ORIENTED_EDGE('',*,*,#1238,.F.);
#1647=ORIENTED_EDGE('',*,*,#1239,.F.);
#1648=ORIENTED_EDGE('',*,*,#1234,.T.);
#1649=ORIENTED_EDGE('',*,*,#1240,.T.);
#1650=ORIENTED_EDGE('',*,*,#1241,.F.);
#1651=ORIENTED_EDGE('',*,*,#1242,.F.);
#1652=ORIENTED_EDGE('',*,*,#1238,.T.);
#1653=ORIENTED_EDGE('',*,*,#1243,.T.);
#1654=ORIENTED_EDGE('',*,*,#1236,.F.);
#1655=ORIENTED_EDGE('',*,*,#1244,.F.);
#1656=ORIENTED_EDGE('',*,*,#1241,.T.);
#1657=ORIENTED_EDGE('',*,*,#1235,.T.);
#1658=ORIENTED_EDGE('',*,*,#1239,.T.);
#1659=ORIENTED_EDGE('',*,*,#1242,.T.);
#1660=ORIENTED_EDGE('',*,*,#1244,.T.);
#1661=ORIENTED_EDGE('',*,*,#1233,.F.);
#1662=ORIENTED_EDGE('',*,*,#1243,.F.);
#1663=ORIENTED_EDGE('',*,*,#1240,.F.);
#1664=ORIENTED_EDGE('',*,*,#1237,.F.);
#1665=ORIENTED_EDGE('',*,*,#1245,.T.);
#1666=ORIENTED_EDGE('',*,*,#1246,.F.);
#1667=ORIENTED_EDGE('',*,*,#1247,.F.);
#1668=ORIENTED_EDGE('',*,*,#1248,.T.);
#1669=ORIENTED_EDGE('',*,*,#1249,.T.);
#1670=ORIENTED_EDGE('',*,*,#1250,.F.);
#1671=ORIENTED_EDGE('',*,*,#1251,.F.);
#1672=ORIENTED_EDGE('',*,*,#1246,.T.);
#1673=ORIENTED_EDGE('',*,*,#1252,.T.);
#1674=ORIENTED_EDGE('',*,*,#1253,.F.);
#1675=ORIENTED_EDGE('',*,*,#1254,.F.);
#1676=ORIENTED_EDGE('',*,*,#1250,.T.);
#1677=ORIENTED_EDGE('',*,*,#1255,.T.);
#1678=ORIENTED_EDGE('',*,*,#1248,.F.);
#1679=ORIENTED_EDGE('',*,*,#1256,.F.);
#1680=ORIENTED_EDGE('',*,*,#1253,.T.);
#1681=ORIENTED_EDGE('',*,*,#1247,.T.);
#1682=ORIENTED_EDGE('',*,*,#1251,.T.);
#1683=ORIENTED_EDGE('',*,*,#1254,.T.);
#1684=ORIENTED_EDGE('',*,*,#1256,.T.);
#1685=ORIENTED_EDGE('',*,*,#1245,.F.);
#1686=ORIENTED_EDGE('',*,*,#1255,.F.);
#1687=ORIENTED_EDGE('',*,*,#1252,.F.);
#1688=ORIENTED_EDGE('',*,*,#1249,.F.);
#1689=ORIENTED_EDGE('',*,*,#1257,.T.);
#1690=ORIENTED_EDGE('',*,*,#1258,.F.);
#1691=ORIENTED_EDGE('',*,*,#1259,.F.);
#1692=ORIENTED_EDGE('',*,*,#1260,.T.);
#1693=ORIENTED_EDGE('',*,*,#1261,.T.);
#1694=ORIENTED_EDGE('',*,*,#1262,.F.);
#1695=ORIENTED_EDGE('',*,*,#1263,.F.);
#1696=ORIENTED_EDGE('',*,*,#1258,.T.);
#1697=ORIENTED_EDGE('',*,*,#1264,.T.);
#1698=ORIENTED_EDGE('',*,*,#1265,.F.);
#1699=ORIENTED_EDGE('',*,*,#1266,.F.);
#1700=ORIENTED_EDGE('',*,*,#1262,.T.);
#1701=ORIENTED_EDGE('',*,*,#1267,.T.);
#1702=ORIENTED_EDGE('',*,*,#1268,.F.);
#1703=ORIENTED_EDGE('',*,*,#1269,.F.);
#1704=ORIENTED_EDGE('',*,*,#1265,.T.);
#1705=ORIENTED_EDGE('',*,*,#1270,.T.);
#1706=ORIENTED_EDGE('',*,*,#1271,.F.);
#1707=ORIENTED_EDGE('',*,*,#1272,.F.);
#1708=ORIENTED_EDGE('',*,*,#1268,.T.);
#1709=ORIENTED_EDGE('',*,*,#1273,.T.);
#1710=ORIENTED_EDGE('',*,*,#1274,.F.);
#1711=ORIENTED_EDGE('',*,*,#1275,.F.);
#1712=ORIENTED_EDGE('',*,*,#1271,.T.);
#1713=ORIENTED_EDGE('',*,*,#1276,.T.);
#1714=ORIENTED_EDGE('',*,*,#1277,.F.);
#1715=ORIENTED_EDGE('',*,*,#1278,.F.);
#1716=ORIENTED_EDGE('',*,*,#1274,.T.);
#1717=ORIENTED_EDGE('',*,*,#1279,.T.);
#1718=ORIENTED_EDGE('',*,*,#1280,.F.);
#1719=ORIENTED_EDGE('',*,*,#1281,.F.);
#1720=ORIENTED_EDGE('',*,*,#1277,.T.);
#1721=ORIENTED_EDGE('',*,*,#1282,.T.);
#1722=ORIENTED_EDGE('',*,*,#1283,.F.);
#1723=ORIENTED_EDGE('',*,*,#1284,.F.);
#1724=ORIENTED_EDGE('',*,*,#1280,.T.);
#1725=ORIENTED_EDGE('',*,*,#1285,.T.);
#1726=ORIENTED_EDGE('',*,*,#1286,.F.);
#1727=ORIENTED_EDGE('',*,*,#1287,.F.);
#1728=ORIENTED_EDGE('',*,*,#1283,.T.);
#1729=ORIENTED_EDGE('',*,*,#1288,.T.);
#1730=ORIENTED_EDGE('',*,*,#1289,.F.);
#1731=ORIENTED_EDGE('',*,*,#1290,.F.);
#1732=ORIENTED_EDGE('',*,*,#1286,.T.);
#1733=ORIENTED_EDGE('',*,*,#1291,.T.);
#1734=ORIENTED_EDGE('',*,*,#1292,.F.);
#1735=ORIENTED_EDGE('',*,*,#1293,.F.);
#1736=ORIENTED_EDGE('',*,*,#1289,.T.);
#1737=ORIENTED_EDGE('',*,*,#1294,.T.);
#1738=ORIENTED_EDGE('',*,*,#1295,.F.);
#1739=ORIENTED_EDGE('',*,*,#1296,.F.);
#1740=ORIENTED_EDGE('',*,*,#1292,.T.);
#1741=ORIENTED_EDGE('',*,*,#1297,.T.);
#1742=ORIENTED_EDGE('',*,*,#1298,.F.);
#1743=ORIENTED_EDGE('',*,*,#1299,.F.);
#1744=ORIENTED_EDGE('',*,*,#1295,.T.);
#1745=ORIENTED_EDGE('',*,*,#1300,.T.);
#1746=ORIENTED_EDGE('',*,*,#1301,.F.);
#1747=ORIENTED_EDGE('',*,*,#1302,.F.);
#1748=ORIENTED_EDGE('',*,*,#1298,.T.);
#1749=ORIENTED_EDGE('',*,*,#1303,.T.);
#1750=ORIENTED_EDGE('',*,*,#1304,.F.);
#1751=ORIENTED_EDGE('',*,*,#1305,.F.);
#1752=ORIENTED_EDGE('',*,*,#1301,.T.);
#1753=ORIENTED_EDGE('',*,*,#1306,.T.);
#1754=ORIENTED_EDGE('',*,*,#1307,.F.);
#1755=ORIENTED_EDGE('',*,*,#1308,.F.);
#1756=ORIENTED_EDGE('',*,*,#1304,.T.);
#1757=ORIENTED_EDGE('',*,*,#1309,.T.);
#1758=ORIENTED_EDGE('',*,*,#1310,.F.);
#1759=ORIENTED_EDGE('',*,*,#1311,.F.);
#1760=ORIENTED_EDGE('',*,*,#1307,.T.);
#1761=ORIENTED_EDGE('',*,*,#1312,.T.);
#1762=ORIENTED_EDGE('',*,*,#1313,.F.);
#1763=ORIENTED_EDGE('',*,*,#1314,.F.);
#1764=ORIENTED_EDGE('',*,*,#1310,.T.);
#1765=ORIENTED_EDGE('',*,*,#1315,.T.);
#1766=ORIENTED_EDGE('',*,*,#1316,.F.);
#1767=ORIENTED_EDGE('',*,*,#1317,.F.);
#1768=ORIENTED_EDGE('',*,*,#1313,.T.);
#1769=ORIENTED_EDGE('',*,*,#1318,.T.);
#1770=ORIENTED_EDGE('',*,*,#1319,.F.);
#1771=ORIENTED_EDGE('',*,*,#1320,.F.);
#1772=ORIENTED_EDGE('',*,*,#1316,.T.);
#1773=ORIENTED_EDGE('',*,*,#1321,.T.);
#1774=ORIENTED_EDGE('',*,*,#1322,.F.);
#1775=ORIENTED_EDGE('',*,*,#1323,.F.);
#1776=ORIENTED_EDGE('',*,*,#1319,.T.);
#1777=ORIENTED_EDGE('',*,*,#1324,.T.);
#1778=ORIENTED_EDGE('',*,*,#1325,.F.);
#1779=ORIENTED_EDGE('',*,*,#1326,.F.);
#1780=ORIENTED_EDGE('',*,*,#1322,.T.);
#1781=ORIENTED_EDGE('',*,*,#1327,.T.);
#1782=ORIENTED_EDGE('',*,*,#1328,.F.);
#1783=ORIENTED_EDGE('',*,*,#1329,.F.);
#1784=ORIENTED_EDGE('',*,*,#1325,.T.);
#1785=ORIENTED_EDGE('',*,*,#1330,.T.);
#1786=ORIENTED_EDGE('',*,*,#1331,.F.);
#1787=ORIENTED_EDGE('',*,*,#1332,.F.);
#1788=ORIENTED_EDGE('',*,*,#1328,.T.);
#1789=ORIENTED_EDGE('',*,*,#1333,.T.);
#1790=ORIENTED_EDGE('',*,*,#1334,.F.);
#1791=ORIENTED_EDGE('',*,*,#1335,.F.);
#1792=ORIENTED_EDGE('',*,*,#1331,.T.);
#1793=ORIENTED_EDGE('',*,*,#1336,.T.);
#1794=ORIENTED_EDGE('',*,*,#1337,.F.);
#1795=ORIENTED_EDGE('',*,*,#1338,.F.);
#1796=ORIENTED_EDGE('',*,*,#1334,.T.);
#1797=ORIENTED_EDGE('',*,*,#1339,.T.);
#1798=ORIENTED_EDGE('',*,*,#1340,.F.);
#1799=ORIENTED_EDGE('',*,*,#1341,.F.);
#1800=ORIENTED_EDGE('',*,*,#1337,.T.);
#1801=ORIENTED_EDGE('',*,*,#1342,.T.);
#1802=ORIENTED_EDGE('',*,*,#1343,.F.);
#1803=ORIENTED_EDGE('',*,*,#1344,.F.);
#1804=ORIENTED_EDGE('',*,*,#1340,.T.);
#1805=ORIENTED_EDGE('',*,*,#1345,.T.);
#1806=ORIENTED_EDGE('',*,*,#1346,.F.);
#1807=ORIENTED_EDGE('',*,*,#1347,.F.);
#1808=ORIENTED_EDGE('',*,*,#1343,.T.);
#1809=ORIENTED_EDGE('',*,*,#1348,.T.);
#1810=ORIENTED_EDGE('',*,*,#1349,.F.);
#1811=ORIENTED_EDGE('',*,*,#1350,.F.);
#1812=ORIENTED_EDGE('',*,*,#1346,.T.);
#1813=ORIENTED_EDGE('',*,*,#1351,.T.);
#1814=ORIENTED_EDGE('',*,*,#1352,.F.);
#1815=ORIENTED_EDGE('',*,*,#1353,.F.);
#1816=ORIENTED_EDGE('',*,*,#1349,.T.);
#1817=ORIENTED_EDGE('',*,*,#1354,.F.);
#1818=ORIENTED_EDGE('',*,*,#1355,.F.);
#1819=ORIENTED_EDGE('',*,*,#1356,.T.);
#1820=ORIENTED_EDGE('',*,*,#1352,.T.);
#1821=ORIENTED_EDGE('',*,*,#1357,.F.);
#1822=ORIENTED_EDGE('',*,*,#1358,.F.);
#1823=ORIENTED_EDGE('',*,*,#1359,.T.);
#1824=ORIENTED_EDGE('',*,*,#1355,.T.);
#1825=ORIENTED_EDGE('',*,*,#1360,.T.);
#1826=ORIENTED_EDGE('',*,*,#1361,.F.);
#1827=ORIENTED_EDGE('',*,*,#1362,.F.);
#1828=ORIENTED_EDGE('',*,*,#1358,.T.);
#1829=ORIENTED_EDGE('',*,*,#1363,.T.);
#1830=ORIENTED_EDGE('',*,*,#1364,.F.);
#1831=ORIENTED_EDGE('',*,*,#1365,.F.);
#1832=ORIENTED_EDGE('',*,*,#1361,.T.);
#1833=ORIENTED_EDGE('',*,*,#1366,.F.);
#1834=ORIENTED_EDGE('',*,*,#1367,.F.);
#1835=ORIENTED_EDGE('',*,*,#1368,.T.);
#1836=ORIENTED_EDGE('',*,*,#1364,.T.);
#1837=ORIENTED_EDGE('',*,*,#1369,.T.);
#1838=ORIENTED_EDGE('',*,*,#1370,.F.);
#1839=ORIENTED_EDGE('',*,*,#1371,.F.);
#1840=ORIENTED_EDGE('',*,*,#1367,.T.);
#1841=ORIENTED_EDGE('',*,*,#1372,.T.);
#1842=ORIENTED_EDGE('',*,*,#1373,.F.);
#1843=ORIENTED_EDGE('',*,*,#1374,.F.);
#1844=ORIENTED_EDGE('',*,*,#1370,.T.);
#1845=ORIENTED_EDGE('',*,*,#1375,.F.);
#1846=ORIENTED_EDGE('',*,*,#1376,.F.);
#1847=ORIENTED_EDGE('',*,*,#1377,.T.);
#1848=ORIENTED_EDGE('',*,*,#1373,.T.);
#1849=ORIENTED_EDGE('',*,*,#1378,.T.);
#1850=ORIENTED_EDGE('',*,*,#1379,.F.);
#1851=ORIENTED_EDGE('',*,*,#1380,.F.);
#1852=ORIENTED_EDGE('',*,*,#1376,.T.);
#1853=ORIENTED_EDGE('',*,*,#1381,.T.);
#1854=ORIENTED_EDGE('',*,*,#1382,.F.);
#1855=ORIENTED_EDGE('',*,*,#1383,.F.);
#1856=ORIENTED_EDGE('',*,*,#1379,.T.);
#1857=ORIENTED_EDGE('',*,*,#1384,.F.);
#1858=ORIENTED_EDGE('',*,*,#1385,.F.);
#1859=ORIENTED_EDGE('',*,*,#1386,.T.);
#1860=ORIENTED_EDGE('',*,*,#1382,.T.);
#1861=ORIENTED_EDGE('',*,*,#1387,.T.);
#1862=ORIENTED_EDGE('',*,*,#1388,.F.);
#1863=ORIENTED_EDGE('',*,*,#1389,.F.);
#1864=ORIENTED_EDGE('',*,*,#1385,.T.);
#1865=ORIENTED_EDGE('',*,*,#1390,.T.);
#1866=ORIENTED_EDGE('',*,*,#1391,.F.);
#1867=ORIENTED_EDGE('',*,*,#1392,.F.);
#1868=ORIENTED_EDGE('',*,*,#1388,.T.);
#1869=ORIENTED_EDGE('',*,*,#1393,.F.);
#1870=ORIENTED_EDGE('',*,*,#1394,.F.);
#1871=ORIENTED_EDGE('',*,*,#1395,.T.);
#1872=ORIENTED_EDGE('',*,*,#1391,.T.);
#1873=ORIENTED_EDGE('',*,*,#1396,.T.);
#1874=ORIENTED_EDGE('',*,*,#1397,.F.);
#1875=ORIENTED_EDGE('',*,*,#1398,.F.);
#1876=ORIENTED_EDGE('',*,*,#1394,.T.);
#1877=ORIENTED_EDGE('',*,*,#1399,.T.);
#1878=ORIENTED_EDGE('',*,*,#1400,.F.);
#1879=ORIENTED_EDGE('',*,*,#1401,.F.);
#1880=ORIENTED_EDGE('',*,*,#1397,.T.);
#1881=ORIENTED_EDGE('',*,*,#1402,.F.);
#1882=ORIENTED_EDGE('',*,*,#1403,.F.);
#1883=ORIENTED_EDGE('',*,*,#1404,.T.);
#1884=ORIENTED_EDGE('',*,*,#1400,.T.);
#1885=ORIENTED_EDGE('',*,*,#1405,.T.);
#1886=ORIENTED_EDGE('',*,*,#1406,.F.);
#1887=ORIENTED_EDGE('',*,*,#1407,.F.);
#1888=ORIENTED_EDGE('',*,*,#1403,.T.);
#1889=ORIENTED_EDGE('',*,*,#1408,.T.);
#1890=ORIENTED_EDGE('',*,*,#1409,.F.);
#1891=ORIENTED_EDGE('',*,*,#1410,.F.);
#1892=ORIENTED_EDGE('',*,*,#1406,.T.);
#1893=ORIENTED_EDGE('',*,*,#1411,.F.);
#1894=ORIENTED_EDGE('',*,*,#1412,.F.);
#1895=ORIENTED_EDGE('',*,*,#1413,.T.);
#1896=ORIENTED_EDGE('',*,*,#1409,.T.);
#1897=ORIENTED_EDGE('',*,*,#1414,.T.);
#1898=ORIENTED_EDGE('',*,*,#1415,.F.);
#1899=ORIENTED_EDGE('',*,*,#1416,.F.);
#1900=ORIENTED_EDGE('',*,*,#1412,.T.);
#1901=ORIENTED_EDGE('',*,*,#1417,.T.);
#1902=ORIENTED_EDGE('',*,*,#1418,.F.);
#1903=ORIENTED_EDGE('',*,*,#1419,.F.);
#1904=ORIENTED_EDGE('',*,*,#1415,.T.);
#1905=ORIENTED_EDGE('',*,*,#1420,.F.);
#1906=ORIENTED_EDGE('',*,*,#1421,.F.);
#1907=ORIENTED_EDGE('',*,*,#1422,.T.);
#1908=ORIENTED_EDGE('',*,*,#1418,.T.);
#1909=ORIENTED_EDGE('',*,*,#1423,.T.);
#1910=ORIENTED_EDGE('',*,*,#1424,.F.);
#1911=ORIENTED_EDGE('',*,*,#1425,.F.);
#1912=ORIENTED_EDGE('',*,*,#1421,.T.);
#1913=ORIENTED_EDGE('',*,*,#1426,.T.);
#1914=ORIENTED_EDGE('',*,*,#1427,.F.);
#1915=ORIENTED_EDGE('',*,*,#1428,.F.);
#1916=ORIENTED_EDGE('',*,*,#1424,.T.);
#1917=ORIENTED_EDGE('',*,*,#1429,.F.);
#1918=ORIENTED_EDGE('',*,*,#1430,.F.);
#1919=ORIENTED_EDGE('',*,*,#1431,.T.);
#1920=ORIENTED_EDGE('',*,*,#1427,.T.);
#1921=ORIENTED_EDGE('',*,*,#1432,.T.);
#1922=ORIENTED_EDGE('',*,*,#1433,.F.);
#1923=ORIENTED_EDGE('',*,*,#1434,.F.);
#1924=ORIENTED_EDGE('',*,*,#1430,.T.);
#1925=ORIENTED_EDGE('',*,*,#1435,.T.);
#1926=ORIENTED_EDGE('',*,*,#1436,.F.);
#1927=ORIENTED_EDGE('',*,*,#1437,.F.);
#1928=ORIENTED_EDGE('',*,*,#1433,.T.);
#1929=ORIENTED_EDGE('',*,*,#1438,.F.);
#1930=ORIENTED_EDGE('',*,*,#1439,.F.);
#1931=ORIENTED_EDGE('',*,*,#1440,.T.);
#1932=ORIENTED_EDGE('',*,*,#1436,.T.);
#1933=ORIENTED_EDGE('',*,*,#1441,.T.);
#1934=ORIENTED_EDGE('',*,*,#1442,.F.);
#1935=ORIENTED_EDGE('',*,*,#1443,.F.);
#1936=ORIENTED_EDGE('',*,*,#1439,.T.);
#1937=ORIENTED_EDGE('',*,*,#1444,.T.);
#1938=ORIENTED_EDGE('',*,*,#1445,.F.);
#1939=ORIENTED_EDGE('',*,*,#1446,.F.);
#1940=ORIENTED_EDGE('',*,*,#1442,.T.);
#1941=ORIENTED_EDGE('',*,*,#1447,.F.);
#1942=ORIENTED_EDGE('',*,*,#1448,.F.);
#1943=ORIENTED_EDGE('',*,*,#1449,.T.);
#1944=ORIENTED_EDGE('',*,*,#1445,.T.);
#1945=ORIENTED_EDGE('',*,*,#1450,.T.);
#1946=ORIENTED_EDGE('',*,*,#1451,.F.);
#1947=ORIENTED_EDGE('',*,*,#1452,.F.);
#1948=ORIENTED_EDGE('',*,*,#1448,.T.);
#1949=ORIENTED_EDGE('',*,*,#1453,.T.);
#1950=ORIENTED_EDGE('',*,*,#1454,.F.);
#1951=ORIENTED_EDGE('',*,*,#1455,.F.);
#1952=ORIENTED_EDGE('',*,*,#1451,.T.);
#1953=ORIENTED_EDGE('',*,*,#1456,.T.);
#1954=ORIENTED_EDGE('',*,*,#1457,.F.);
#1955=ORIENTED_EDGE('',*,*,#1458,.F.);
#1956=ORIENTED_EDGE('',*,*,#1454,.T.);
#1957=ORIENTED_EDGE('',*,*,#1459,.T.);
#1958=ORIENTED_EDGE('',*,*,#1260,.F.);
#1959=ORIENTED_EDGE('',*,*,#1460,.F.);
#1960=ORIENTED_EDGE('',*,*,#1457,.T.);
#1961=ORIENTED_EDGE('',*,*,#1259,.T.);
#1962=ORIENTED_EDGE('',*,*,#1263,.T.);
#1963=ORIENTED_EDGE('',*,*,#1266,.T.);
#1964=ORIENTED_EDGE('',*,*,#1269,.T.);
#1965=ORIENTED_EDGE('',*,*,#1272,.T.);
#1966=ORIENTED_EDGE('',*,*,#1275,.T.);
#1967=ORIENTED_EDGE('',*,*,#1278,.T.);
#1968=ORIENTED_EDGE('',*,*,#1281,.T.);
#1969=ORIENTED_EDGE('',*,*,#1284,.T.);
#1970=ORIENTED_EDGE('',*,*,#1287,.T.);
#1971=ORIENTED_EDGE('',*,*,#1290,.T.);
#1972=ORIENTED_EDGE('',*,*,#1293,.T.);
#1973=ORIENTED_EDGE('',*,*,#1296,.T.);
#1974=ORIENTED_EDGE('',*,*,#1299,.T.);
#1975=ORIENTED_EDGE('',*,*,#1302,.T.);
#1976=ORIENTED_EDGE('',*,*,#1305,.T.);
#1977=ORIENTED_EDGE('',*,*,#1308,.T.);
#1978=ORIENTED_EDGE('',*,*,#1311,.T.);
#1979=ORIENTED_EDGE('',*,*,#1314,.T.);
#1980=ORIENTED_EDGE('',*,*,#1317,.T.);
#1981=ORIENTED_EDGE('',*,*,#1320,.T.);
#1982=ORIENTED_EDGE('',*,*,#1323,.T.);
#1983=ORIENTED_EDGE('',*,*,#1326,.T.);
#1984=ORIENTED_EDGE('',*,*,#1329,.T.);
#1985=ORIENTED_EDGE('',*,*,#1332,.T.);
#1986=ORIENTED_EDGE('',*,*,#1335,.T.);
#1987=ORIENTED_EDGE('',*,*,#1338,.T.);
#1988=ORIENTED_EDGE('',*,*,#1341,.T.);
#1989=ORIENTED_EDGE('',*,*,#1344,.T.);
#1990=ORIENTED_EDGE('',*,*,#1347,.T.);
#1991=ORIENTED_EDGE('',*,*,#1350,.T.);
#1992=ORIENTED_EDGE('',*,*,#1353,.T.);
#1993=ORIENTED_EDGE('',*,*,#1356,.F.);
#1994=ORIENTED_EDGE('',*,*,#1359,.F.);
#1995=ORIENTED_EDGE('',*,*,#1362,.T.);
#1996=ORIENTED_EDGE('',*,*,#1365,.T.);
#1997=ORIENTED_EDGE('',*,*,#1368,.F.);
#1998=ORIENTED_EDGE('',*,*,#1371,.T.);
#1999=ORIENTED_EDGE('',*,*,#1374,.T.);
#2000=ORIENTED_EDGE('',*,*,#1377,.F.);
#2001=ORIENTED_EDGE('',*,*,#1380,.T.);
#2002=ORIENTED_EDGE('',*,*,#1383,.T.);
#2003=ORIENTED_EDGE('',*,*,#1386,.F.);
#2004=ORIENTED_EDGE('',*,*,#1389,.T.);
#2005=ORIENTED_EDGE('',*,*,#1392,.T.);
#2006=ORIENTED_EDGE('',*,*,#1395,.F.);
#2007=ORIENTED_EDGE('',*,*,#1398,.T.);
#2008=ORIENTED_EDGE('',*,*,#1401,.T.);
#2009=ORIENTED_EDGE('',*,*,#1404,.F.);
#2010=ORIENTED_EDGE('',*,*,#1407,.T.);
#2011=ORIENTED_EDGE('',*,*,#1410,.T.);
#2012=ORIENTED_EDGE('',*,*,#1413,.F.);
#2013=ORIENTED_EDGE('',*,*,#1416,.T.);
#2014=ORIENTED_EDGE('',*,*,#1419,.T.);
#2015=ORIENTED_EDGE('',*,*,#1422,.F.);
#2016=ORIENTED_EDGE('',*,*,#1425,.T.);
#2017=ORIENTED_EDGE('',*,*,#1428,.T.);
#2018=ORIENTED_EDGE('',*,*,#1431,.F.);
#2019=ORIENTED_EDGE('',*,*,#1434,.T.);
#2020=ORIENTED_EDGE('',*,*,#1437,.T.);
#2021=ORIENTED_EDGE('',*,*,#1440,.F.);
#2022=ORIENTED_EDGE('',*,*,#1443,.T.);
#2023=ORIENTED_EDGE('',*,*,#1446,.T.);
#2024=ORIENTED_EDGE('',*,*,#1449,.F.);
#2025=ORIENTED_EDGE('',*,*,#1452,.T.);
#2026=ORIENTED_EDGE('',*,*,#1455,.T.);
#2027=ORIENTED_EDGE('',*,*,#1458,.T.);
#2028=ORIENTED_EDGE('',*,*,#1460,.T.);
#2029=ORIENTED_EDGE('',*,*,#1257,.F.);
#2030=ORIENTED_EDGE('',*,*,#1459,.F.);
#2031=ORIENTED_EDGE('',*,*,#1456,.F.);
#2032=ORIENTED_EDGE('',*,*,#1453,.F.);
#2033=ORIENTED_EDGE('',*,*,#1450,.F.);
#2034=ORIENTED_EDGE('',*,*,#1447,.T.);
#2035=ORIENTED_EDGE('',*,*,#1444,.F.);
#2036=ORIENTED_EDGE('',*,*,#1441,.F.);
#2037=ORIENTED_EDGE('',*,*,#1438,.T.);
#2038=ORIENTED_EDGE('',*,*,#1435,.F.);
#2039=ORIENTED_EDGE('',*,*,#1432,.F.);
#2040=ORIENTED_EDGE('',*,*,#1429,.T.);
#2041=ORIENTED_EDGE('',*,*,#1426,.F.);
#2042=ORIENTED_EDGE('',*,*,#1423,.F.);
#2043=ORIENTED_EDGE('',*,*,#1420,.T.);
#2044=ORIENTED_EDGE('',*,*,#1417,.F.);
#2045=ORIENTED_EDGE('',*,*,#1414,.F.);
#2046=ORIENTED_EDGE('',*,*,#1411,.T.);
#2047=ORIENTED_EDGE('',*,*,#1408,.F.);
#2048=ORIENTED_EDGE('',*,*,#1405,.F.);
#2049=ORIENTED_EDGE('',*,*,#1402,.T.);
#2050=ORIENTED_EDGE('',*,*,#1399,.F.);
#2051=ORIENTED_EDGE('',*,*,#1396,.F.);
#2052=ORIENTED_EDGE('',*,*,#1393,.T.);
#2053=ORIENTED_EDGE('',*,*,#1390,.F.);
#2054=ORIENTED_EDGE('',*,*,#1387,.F.);
#2055=ORIENTED_EDGE('',*,*,#1384,.T.);
#2056=ORIENTED_EDGE('',*,*,#1381,.F.);
#2057=ORIENTED_EDGE('',*,*,#1378,.F.);
#2058=ORIENTED_EDGE('',*,*,#1375,.T.);
#2059=ORIENTED_EDGE('',*,*,#1372,.F.);
#2060=ORIENTED_EDGE('',*,*,#1369,.F.);
#2061=ORIENTED_EDGE('',*,*,#1366,.T.);
#2062=ORIENTED_EDGE('',*,*,#1363,.F.);
#2063=ORIENTED_EDGE('',*,*,#1360,.F.);
#2064=ORIENTED_EDGE('',*,*,#1357,.T.);
#2065=ORIENTED_EDGE('',*,*,#1354,.T.);
#2066=ORIENTED_EDGE('',*,*,#1351,.F.);
#2067=ORIENTED_EDGE('',*,*,#1348,.F.);
#2068=ORIENTED_EDGE('',*,*,#1345,.F.);
#2069=ORIENTED_EDGE('',*,*,#1342,.F.);
#2070=ORIENTED_EDGE('',*,*,#1339,.F.);
#2071=ORIENTED_EDGE('',*,*,#1336,.F.);
#2072=ORIENTED_EDGE('',*,*,#1333,.F.);
#2073=ORIENTED_EDGE('',*,*,#1330,.F.);
#2074=ORIENTED_EDGE('',*,*,#1327,.F.);
#2075=ORIENTED_EDGE('',*,*,#1324,.F.);
#2076=ORIENTED_EDGE('',*,*,#1321,.F.);
#2077=ORIENTED_EDGE('',*,*,#1318,.F.);
#2078=ORIENTED_EDGE('',*,*,#1315,.F.);
#2079=ORIENTED_EDGE('',*,*,#1312,.F.);
#2080=ORIENTED_EDGE('',*,*,#1309,.F.);
#2081=ORIENTED_EDGE('',*,*,#1306,.F.);
#2082=ORIENTED_EDGE('',*,*,#1303,.F.);
#2083=ORIENTED_EDGE('',*,*,#1300,.F.);
#2084=ORIENTED_EDGE('',*,*,#1297,.F.);
#2085=ORIENTED_EDGE('',*,*,#1294,.F.);
#2086=ORIENTED_EDGE('',*,*,#1291,.F.);
#2087=ORIENTED_EDGE('',*,*,#1288,.F.);
#2088=ORIENTED_EDGE('',*,*,#1285,.F.);
#2089=ORIENTED_EDGE('',*,*,#1282,.F.);
#2090=ORIENTED_EDGE('',*,*,#1279,.F.);
#2091=ORIENTED_EDGE('',*,*,#1276,.F.);
#2092=ORIENTED_EDGE('',*,*,#1273,.F.);
#2093=ORIENTED_EDGE('',*,*,#1270,.F.);
#2094=ORIENTED_EDGE('',*,*,#1267,.F.);
#2095=ORIENTED_EDGE('',*,*,#1264,.F.);
#2096=ORIENTED_EDGE('',*,*,#1261,.F.);
#2097=PLANE('',#2326);
#2098=PLANE('',#2327);
#2099=PLANE('',#2328);
#2100=PLANE('',#2329);
#2101=PLANE('',#2330);
#2102=PLANE('',#2333);
#2103=PLANE('',#2338);
#2104=PLANE('',#2339);
#2105=PLANE('',#2340);
#2106=PLANE('',#2341);
#2107=PLANE('',#2342);
#2108=PLANE('',#2343);
#2109=PLANE('',#2344);
#2110=PLANE('',#2345);
#2111=PLANE('',#2346);
#2112=PLANE('',#2347);
#2113=PLANE('',#2348);
#2114=PLANE('',#2349);
#2115=PLANE('',#2350);
#2116=PLANE('',#2351);
#2117=PLANE('',#2352);
#2118=PLANE('',#2353);
#2119=PLANE('',#2354);
#2120=PLANE('',#2355);
#2121=PLANE('',#2356);
#2122=PLANE('',#2357);
#2123=PLANE('',#2358);
#2124=PLANE('',#2359);
#2125=PLANE('',#2360);
#2126=PLANE('',#2361);
#2127=PLANE('',#2362);
#2128=PLANE('',#2363);
#2129=PLANE('',#2364);
#2130=PLANE('',#2365);
#2131=PLANE('',#2366);
#2132=PLANE('',#2367);
#2133=PLANE('',#2368);
#2134=PLANE('',#2369);
#2135=PLANE('',#2370);
#2136=PLANE('',#2371);
#2137=PLANE('',#2372);
#2138=PLANE('',#2373);
#2139=PLANE('',#2374);
#2140=PLANE('',#2375);
#2141=PLANE('',#2376);
#2142=PLANE('',#2377);
#2143=PLANE('',#2378);
#2144=PLANE('',#2379);
#2145=PLANE('',#2380);
#2146=PLANE('',#2381);
#2147=PLANE('',#2382);
#2148=PLANE('',#2383);
#2149=PLANE('',#2384);
#2150=PLANE('',#2385);
#2151=PLANE('',#2386);
#2152=PLANE('',#2393);
#2153=PLANE('',#2400);
#2154=PLANE('',#2407);
#2155=PLANE('',#2414);
#2156=PLANE('',#2421);
#2157=PLANE('',#2428);
#2158=PLANE('',#2435);
#2159=PLANE('',#2442);
#2160=PLANE('',#2449);
#2161=PLANE('',#2456);
#2162=PLANE('',#2460);
#2163=PLANE('',#2464);
#2164=PLANE('',#2471);
#2165=PLANE('',#2478);
#2166=PLANE('',#2485);
#2167=PLANE('',#2492);
#2168=PLANE('',#2499);
#2169=PLANE('',#2506);
#2170=PLANE('',#2513);
#2171=PLANE('',#2520);
#2172=PLANE('',#2527);
#2173=PLANE('',#2534);
#2174=PLANE('',#2538);
#2175=PLANE('',#2542);
#2176=PLANE('',#2543);
#2177=ADVANCED_FACE('',(#223),#2097,.F.);
#2178=ADVANCED_FACE('',(#224),#2098,.F.);
#2179=ADVANCED_FACE('',(#225),#2099,.F.);
#2180=ADVANCED_FACE('',(#226),#2100,.F.);
#2181=ADVANCED_FACE('',(#227,#127,#128),#2101,.F.);
#2182=ADVANCED_FACE('',(#228,#129,#130),#2102,.T.);
#2183=ADVANCED_FACE('',(#229),#81,.F.);
#2184=ADVANCED_FACE('',(#230),#82,.F.);
#2185=ADVANCED_FACE('',(#231),#2103,.F.);
#2186=ADVANCED_FACE('',(#232),#2104,.F.);
#2187=ADVANCED_FACE('',(#233),#2105,.F.);
#2188=ADVANCED_FACE('',(#234),#2106,.F.);
#2189=ADVANCED_FACE('',(#235),#2107,.F.);
#2190=ADVANCED_FACE('',(#236),#2108,.T.);
#2191=ADVANCED_FACE('',(#237),#2109,.F.);
#2192=ADVANCED_FACE('',(#238),#2110,.F.);
#2193=ADVANCED_FACE('',(#239),#2111,.F.);
#2194=ADVANCED_FACE('',(#240),#2112,.F.);
#2195=ADVANCED_FACE('',(#241),#2113,.T.);
#2196=ADVANCED_FACE('',(#242),#2114,.F.);
#2197=ADVANCED_FACE('',(#243),#2115,.F.);
#2198=ADVANCED_FACE('',(#244),#2116,.F.);
#2199=ADVANCED_FACE('',(#245),#2117,.F.);
#2200=ADVANCED_FACE('',(#246),#2118,.F.);
#2201=ADVANCED_FACE('',(#247),#2119,.F.);
#2202=ADVANCED_FACE('',(#248),#2120,.T.);
#2203=ADVANCED_FACE('',(#249),#2121,.F.);
#2204=ADVANCED_FACE('',(#250),#2122,.F.);
#2205=ADVANCED_FACE('',(#251),#2123,.F.);
#2206=ADVANCED_FACE('',(#252),#2124,.F.);
#2207=ADVANCED_FACE('',(#253),#2125,.F.);
#2208=ADVANCED_FACE('',(#254),#2126,.T.);
#2209=ADVANCED_FACE('',(#255),#2127,.F.);
#2210=ADVANCED_FACE('',(#256),#2128,.F.);
#2211=ADVANCED_FACE('',(#257),#2129,.F.);
#2212=ADVANCED_FACE('',(#258),#2130,.F.);
#2213=ADVANCED_FACE('',(#259),#2131,.F.);
#2214=ADVANCED_FACE('',(#260),#2132,.T.);
#2215=ADVANCED_FACE('',(#261),#2133,.F.);
#2216=ADVANCED_FACE('',(#262),#2134,.F.);
#2217=ADVANCED_FACE('',(#263),#2135,.F.);
#2218=ADVANCED_FACE('',(#264),#2136,.F.);
#2219=ADVANCED_FACE('',(#265),#2137,.F.);
#2220=ADVANCED_FACE('',(#266),#2138,.T.);
#2221=ADVANCED_FACE('',(#267),#2139,.F.);
#2222=ADVANCED_FACE('',(#268),#2140,.F.);
#2223=ADVANCED_FACE('',(#269),#2141,.F.);
#2224=ADVANCED_FACE('',(#270),#2142,.F.);
#2225=ADVANCED_FACE('',(#271),#2143,.F.);
#2226=ADVANCED_FACE('',(#272),#2144,.T.);
#2227=ADVANCED_FACE('',(#273),#2145,.F.);
#2228=ADVANCED_FACE('',(#274),#2146,.F.);
#2229=ADVANCED_FACE('',(#275),#2147,.F.);
#2230=ADVANCED_FACE('',(#276),#2148,.F.);
#2231=ADVANCED_FACE('',(#277),#2149,.F.);
#2232=ADVANCED_FACE('',(#278),#2150,.T.);
#2233=ADVANCED_FACE('',(#279),#2151,.F.);
#2234=ADVANCED_FACE('',(#280),#83,.T.);
#2235=ADVANCED_FACE('',(#281),#84,.T.);
#2236=ADVANCED_FACE('',(#282),#2152,.F.);
#2237=ADVANCED_FACE('',(#283),#85,.T.);
#2238=ADVANCED_FACE('',(#284),#86,.T.);
#2239=ADVANCED_FACE('',(#285),#2153,.F.);
#2240=ADVANCED_FACE('',(#286),#87,.T.);
#2241=ADVANCED_FACE('',(#287),#88,.T.);
#2242=ADVANCED_FACE('',(#288),#2154,.F.);
#2243=ADVANCED_FACE('',(#289),#89,.T.);
#2244=ADVANCED_FACE('',(#290),#90,.T.);
#2245=ADVANCED_FACE('',(#291),#2155,.F.);
#2246=ADVANCED_FACE('',(#292),#91,.T.);
#2247=ADVANCED_FACE('',(#293),#92,.T.);
#2248=ADVANCED_FACE('',(#294),#2156,.F.);
#2249=ADVANCED_FACE('',(#295),#93,.T.);
#2250=ADVANCED_FACE('',(#296),#94,.T.);
#2251=ADVANCED_FACE('',(#297),#2157,.F.);
#2252=ADVANCED_FACE('',(#298),#95,.T.);
#2253=ADVANCED_FACE('',(#299),#96,.T.);
#2254=ADVANCED_FACE('',(#300),#2158,.F.);
#2255=ADVANCED_FACE('',(#301),#97,.T.);
#2256=ADVANCED_FACE('',(#302),#98,.T.);
#2257=ADVANCED_FACE('',(#303),#2159,.F.);
#2258=ADVANCED_FACE('',(#304),#99,.T.);
#2259=ADVANCED_FACE('',(#305),#100,.T.);
#2260=ADVANCED_FACE('',(#306),#2160,.F.);
#2261=ADVANCED_FACE('',(#307),#101,.T.);
#2262=ADVANCED_FACE('',(#308),#102,.T.);
#2263=ADVANCED_FACE('',(#309),#2161,.F.);
#2264=ADVANCED_FACE('',(#310),#103,.T.);
#2265=ADVANCED_FACE('',(#311),#2162,.T.);
#2266=ADVANCED_FACE('',(#312),#104,.T.);
#2267=ADVANCED_FACE('',(#313),#2163,.F.);
#2268=ADVANCED_FACE('',(#314),#105,.T.);
#2269=ADVANCED_FACE('',(#315),#106,.T.);
#2270=ADVANCED_FACE('',(#316),#2164,.F.);
#2271=ADVANCED_FACE('',(#317),#107,.T.);
#2272=ADVANCED_FACE('',(#318),#108,.T.);
#2273=ADVANCED_FACE('',(#319),#2165,.F.);
#2274=ADVANCED_FACE('',(#320),#109,.T.);
#2275=ADVANCED_FACE('',(#321),#110,.T.);
#2276=ADVANCED_FACE('',(#322),#2166,.F.);
#2277=ADVANCED_FACE('',(#323),#111,.T.);
#2278=ADVANCED_FACE('',(#324),#112,.T.);
#2279=ADVANCED_FACE('',(#325),#2167,.F.);
#2280=ADVANCED_FACE('',(#326),#113,.T.);
#2281=ADVANCED_FACE('',(#327),#114,.T.);
#2282=ADVANCED_FACE('',(#328),#2168,.F.);
#2283=ADVANCED_FACE('',(#329),#115,.T.);
#2284=ADVANCED_FACE('',(#330),#116,.T.);
#2285=ADVANCED_FACE('',(#331),#2169,.F.);
#2286=ADVANCED_FACE('',(#332),#117,.T.);
#2287=ADVANCED_FACE('',(#333),#118,.T.);
#2288=ADVANCED_FACE('',(#334),#2170,.F.);
#2289=ADVANCED_FACE('',(#335),#119,.T.);
#2290=ADVANCED_FACE('',(#336),#120,.T.);
#2291=ADVANCED_FACE('',(#337),#2171,.F.);
#2292=ADVANCED_FACE('',(#338),#121,.T.);
#2293=ADVANCED_FACE('',(#339),#122,.T.);
#2294=ADVANCED_FACE('',(#340),#2172,.F.);
#2295=ADVANCED_FACE('',(#341),#123,.T.);
#2296=ADVANCED_FACE('',(#342),#124,.T.);
#2297=ADVANCED_FACE('',(#343),#2173,.F.);
#2298=ADVANCED_FACE('',(#344),#125,.T.);
#2299=ADVANCED_FACE('',(#345),#2174,.F.);
#2300=ADVANCED_FACE('',(#346),#126,.T.);
#2301=ADVANCED_FACE('',(#347),#2175,.T.);
#2302=ADVANCED_FACE('',(#348),#2176,.F.);
#2303=CLOSED_SHELL('',(#2177,#2178,#2179,#2180,#2181,#2182,#2183,#2184));
#2304=CLOSED_SHELL('',(#2185,#2186,#2187,#2188,#2189,#2190));
#2305=CLOSED_SHELL('',(#2191,#2192,#2193,#2194,#2195,#2196));
#2306=CLOSED_SHELL('',(#2197,#2198,#2199,#2200,#2201,#2202));
#2307=CLOSED_SHELL('',(#2203,#2204,#2205,#2206,#2207,#2208));
#2308=CLOSED_SHELL('',(#2209,#2210,#2211,#2212,#2213,#2214));
#2309=CLOSED_SHELL('',(#2215,#2216,#2217,#2218,#2219,#2220));
#2310=CLOSED_SHELL('',(#2221,#2222,#2223,#2224,#2225,#2226));
#2311=CLOSED_SHELL('',(#2227,#2228,#2229,#2230,#2231,#2232));
#2312=CLOSED_SHELL('',(#2233,#2234,#2235,#2236,#2237,#2238,#2239,#2240,
#2241,#2242,#2243,#2244,#2245,#2246,#2247,#2248,#2249,#2250,#2251,#2252,
#2253,#2254,#2255,#2256,#2257,#2258,#2259,#2260,#2261,#2262,#2263,#2264,
#2265,#2266,#2267,#2268,#2269,#2270,#2271,#2272,#2273,#2274,#2275,#2276,
#2277,#2278,#2279,#2280,#2281,#2282,#2283,#2284,#2285,#2286,#2287,#2288,
#2289,#2290,#2291,#2292,#2293,#2294,#2295,#2296,#2297,#2298,#2299,#2300,
#2301,#2302));
#2313=DERIVED_UNIT_ELEMENT(#2315,1.);
#2314=DERIVED_UNIT_ELEMENT(#3870,-3.);
#2315=(
MASS_UNIT()
NAMED_UNIT(*)
SI_UNIT(.KILO.,.GRAM.)
);
#2316=DERIVED_UNIT((#2313,#2314));
#2317=MEASURE_REPRESENTATION_ITEM('density measure',
POSITIVE_RATIO_MEASURE(7850.),#2316);
#2318=PROPERTY_DEFINITION_REPRESENTATION(#2323,#2320);
#2319=PROPERTY_DEFINITION_REPRESENTATION(#2324,#2321);
#2320=REPRESENTATION('material name',(#2322),#3867);
#2321=REPRESENTATION('density',(#2317),#3867);
#2322=DESCRIPTIVE_REPRESENTATION_ITEM('Steel','Steel');
#2323=PROPERTY_DEFINITION('material property','material name',#3877);
#2324=PROPERTY_DEFINITION('material property','density of part',#3877);
#2325=AXIS2_PLACEMENT_3D('',#3208,#2544,#2545);
#2326=AXIS2_PLACEMENT_3D('',#3209,#2546,#2547);
#2327=AXIS2_PLACEMENT_3D('',#3218,#2552,#2553);
#2328=AXIS2_PLACEMENT_3D('',#3224,#2557,#2558);
#2329=AXIS2_PLACEMENT_3D('',#3230,#2562,#2563);
#2330=AXIS2_PLACEMENT_3D('',#3233,#2566,#2567);
#2331=AXIS2_PLACEMENT_3D('',#3235,#2568,#2569);
#2332=AXIS2_PLACEMENT_3D('',#3237,#2570,#2571);
#2333=AXIS2_PLACEMENT_3D('',#3238,#2572,#2573);
#2334=AXIS2_PLACEMENT_3D('',#3240,#2574,#2575);
#2335=AXIS2_PLACEMENT_3D('',#3242,#2576,#2577);
#2336=AXIS2_PLACEMENT_3D('',#3243,#2578,#2579);
#2337=AXIS2_PLACEMENT_3D('',#3245,#2581,#2582);
#2338=AXIS2_PLACEMENT_3D('',#3247,#2584,#2585);
#2339=AXIS2_PLACEMENT_3D('',#3256,#2590,#2591);
#2340=AXIS2_PLACEMENT_3D('',#3262,#2595,#2596);
#2341=AXIS2_PLACEMENT_3D('',#3268,#2600,#2601);
#2342=AXIS2_PLACEMENT_3D('',#3271,#2604,#2605);
#2343=AXIS2_PLACEMENT_3D('',#3272,#2606,#2607);
#2344=AXIS2_PLACEMENT_3D('',#3273,#2608,#2609);
#2345=AXIS2_PLACEMENT_3D('',#3282,#2614,#2615);
#2346=AXIS2_PLACEMENT_3D('',#3288,#2619,#2620);
#2347=AXIS2_PLACEMENT_3D('',#3294,#2624,#2625);
#2348=AXIS2_PLACEMENT_3D('',#3297,#2628,#2629);
#2349=AXIS2_PLACEMENT_3D('',#3298,#2630,#2631);
#2350=AXIS2_PLACEMENT_3D('',#3299,#2632,#2633);
#2351=AXIS2_PLACEMENT_3D('',#3308,#2638,#2639);
#2352=AXIS2_PLACEMENT_3D('',#3314,#2643,#2644);
#2353=AXIS2_PLACEMENT_3D('',#3320,#2648,#2649);
#2354=AXIS2_PLACEMENT_3D('',#3323,#2652,#2653);
#2355=AXIS2_PLACEMENT_3D('',#3324,#2654,#2655);
#2356=AXIS2_PLACEMENT_3D('',#3325,#2656,#2657);
#2357=AXIS2_PLACEMENT_3D('',#3334,#2662,#2663);
#2358=AXIS2_PLACEMENT_3D('',#3340,#2667,#2668);
#2359=AXIS2_PLACEMENT_3D('',#3346,#2672,#2673);
#2360=AXIS2_PLACEMENT_3D('',#3349,#2676,#2677);
#2361=AXIS2_PLACEMENT_3D('',#3350,#2678,#2679);
#2362=AXIS2_PLACEMENT_3D('',#3351,#2680,#2681);
#2363=AXIS2_PLACEMENT_3D('',#3360,#2686,#2687);
#2364=AXIS2_PLACEMENT_3D('',#3366,#2691,#2692);
#2365=AXIS2_PLACEMENT_3D('',#3372,#2696,#2697);
#2366=AXIS2_PLACEMENT_3D('',#3375,#2700,#2701);
#2367=AXIS2_PLACEMENT_3D('',#3376,#2702,#2703);
#2368=AXIS2_PLACEMENT_3D('',#3377,#2704,#2705);
#2369=AXIS2_PLACEMENT_3D('',#3386,#2710,#2711);
#2370=AXIS2_PLACEMENT_3D('',#3392,#2715,#2716);
#2371=AXIS2_PLACEMENT_3D('',#3398,#2720,#2721);
#2372=AXIS2_PLACEMENT_3D('',#3401,#2724,#2725);
#2373=AXIS2_PLACEMENT_3D('',#3402,#2726,#2727);
#2374=AXIS2_PLACEMENT_3D('',#3403,#2728,#2729);
#2375=AXIS2_PLACEMENT_3D('',#3412,#2734,#2735);
#2376=AXIS2_PLACEMENT_3D('',#3418,#2739,#2740);
#2377=AXIS2_PLACEMENT_3D('',#3424,#2744,#2745);
#2378=AXIS2_PLACEMENT_3D('',#3427,#2748,#2749);
#2379=AXIS2_PLACEMENT_3D('',#3428,#2750,#2751);
#2380=AXIS2_PLACEMENT_3D('',#3429,#2752,#2753);
#2381=AXIS2_PLACEMENT_3D('',#3438,#2758,#2759);
#2382=AXIS2_PLACEMENT_3D('',#3444,#2763,#2764);
#2383=AXIS2_PLACEMENT_3D('',#3450,#2768,#2769);
#2384=AXIS2_PLACEMENT_3D('',#3453,#2772,#2773);
#2385=AXIS2_PLACEMENT_3D('',#3454,#2774,#2775);
#2386=AXIS2_PLACEMENT_3D('',#3455,#2776,#2777);
#2387=AXIS2_PLACEMENT_3D('',#3464,#2782,#2783);
#2388=AXIS2_PLACEMENT_3D('',#3466,#2784,#2785);
#2389=AXIS2_PLACEMENT_3D('',#3469,#2787,#2788);
#2390=AXIS2_PLACEMENT_3D('',#3470,#2789,#2790);
#2391=AXIS2_PLACEMENT_3D('',#3472,#2791,#2792);
#2392=AXIS2_PLACEMENT_3D('',#3475,#2794,#2795);
#2393=AXIS2_PLACEMENT_3D('',#3476,#2796,#2797);
#2394=AXIS2_PLACEMENT_3D('',#3482,#2801,#2802);
#2395=AXIS2_PLACEMENT_3D('',#3484,#2803,#2804);
#2396=AXIS2_PLACEMENT_3D('',#3487,#2806,#2807);
#2397=AXIS2_PLACEMENT_3D('',#3488,#2808,#2809);
#2398=AXIS2_PLACEMENT_3D('',#3490,#2810,#2811);
#2399=AXIS2_PLACEMENT_3D('',#3493,#2813,#2814);
#2400=AXIS2_PLACEMENT_3D('',#3494,#2815,#2816);
#2401=AXIS2_PLACEMENT_3D('',#3500,#2820,#2821);
#2402=AXIS2_PLACEMENT_3D('',#3502,#2822,#2823);
#2403=AXIS2_PLACEMENT_3D('',#3505,#2825,#2826);
#2404=AXIS2_PLACEMENT_3D('',#3506,#2827,#2828);
#2405=AXIS2_PLACEMENT_3D('',#3508,#2829,#2830);
#2406=AXIS2_PLACEMENT_3D('',#3511,#2832,#2833);
#2407=AXIS2_PLACEMENT_3D('',#3512,#2834,#2835);
#2408=AXIS2_PLACEMENT_3D('',#3518,#2839,#2840);
#2409=AXIS2_PLACEMENT_3D('',#3520,#2841,#2842);
#2410=AXIS2_PLACEMENT_3D('',#3523,#2844,#2845);
#2411=AXIS2_PLACEMENT_3D('',#3524,#2846,#2847);
#2412=AXIS2_PLACEMENT_3D('',#3526,#2848,#2849);
#2413=AXIS2_PLACEMENT_3D('',#3529,#2851,#2852);
#2414=AXIS2_PLACEMENT_3D('',#3530,#2853,#2854);
#2415=AXIS2_PLACEMENT_3D('',#3536,#2858,#2859);
#2416=AXIS2_PLACEMENT_3D('',#3538,#2860,#2861);
#2417=AXIS2_PLACEMENT_3D('',#3541,#2863,#2864);
#2418=AXIS2_PLACEMENT_3D('',#3542,#2865,#2866);
#2419=AXIS2_PLACEMENT_3D('',#3544,#2867,#2868);
#2420=AXIS2_PLACEMENT_3D('',#3547,#2870,#2871);
#2421=AXIS2_PLACEMENT_3D('',#3548,#2872,#2873);
#2422=AXIS2_PLACEMENT_3D('',#3554,#2877,#2878);
#2423=AXIS2_PLACEMENT_3D('',#3556,#2879,#2880);
#2424=AXIS2_PLACEMENT_3D('',#3559,#2882,#2883);
#2425=AXIS2_PLACEMENT_3D('',#3560,#2884,#2885);
#2426=AXIS2_PLACEMENT_3D('',#3562,#2886,#2887);
#2427=AXIS2_PLACEMENT_3D('',#3565,#2889,#2890);
#2428=AXIS2_PLACEMENT_3D('',#3566,#2891,#2892);
#2429=AXIS2_PLACEMENT_3D('',#3572,#2896,#2897);
#2430=AXIS2_PLACEMENT_3D('',#3574,#2898,#2899);
#2431=AXIS2_PLACEMENT_3D('',#3577,#2901,#2902);
#2432=AXIS2_PLACEMENT_3D('',#3578,#2903,#2904);
#2433=AXIS2_PLACEMENT_3D('',#3580,#2905,#2906);
#2434=AXIS2_PLACEMENT_3D('',#3583,#2908,#2909);
#2435=AXIS2_PLACEMENT_3D('',#3584,#2910,#2911);
#2436=AXIS2_PLACEMENT_3D('',#3590,#2915,#2916);
#2437=AXIS2_PLACEMENT_3D('',#3592,#2917,#2918);
#2438=AXIS2_PLACEMENT_3D('',#3595,#2920,#2921);
#2439=AXIS2_PLACEMENT_3D('',#3596,#2922,#2923);
#2440=AXIS2_PLACEMENT_3D('',#3598,#2924,#2925);
#2441=AXIS2_PLACEMENT_3D('',#3601,#2927,#2928);
#2442=AXIS2_PLACEMENT_3D('',#3602,#2929,#2930);
#2443=AXIS2_PLACEMENT_3D('',#3608,#2934,#2935);
#2444=AXIS2_PLACEMENT_3D('',#3610,#2936,#2937);
#2445=AXIS2_PLACEMENT_3D('',#3613,#2939,#2940);
#2446=AXIS2_PLACEMENT_3D('',#3614,#2941,#2942);
#2447=AXIS2_PLACEMENT_3D('',#3616,#2943,#2944);
#2448=AXIS2_PLACEMENT_3D('',#3619,#2946,#2947);
#2449=AXIS2_PLACEMENT_3D('',#3620,#2948,#2949);
#2450=AXIS2_PLACEMENT_3D('',#3626,#2953,#2954);
#2451=AXIS2_PLACEMENT_3D('',#3628,#2955,#2956);
#2452=AXIS2_PLACEMENT_3D('',#3631,#2958,#2959);
#2453=AXIS2_PLACEMENT_3D('',#3632,#2960,#2961);
#2454=AXIS2_PLACEMENT_3D('',#3634,#2962,#2963);
#2455=AXIS2_PLACEMENT_3D('',#3637,#2965,#2966);
#2456=AXIS2_PLACEMENT_3D('',#3638,#2967,#2968);
#2457=AXIS2_PLACEMENT_3D('',#3644,#2972,#2973);
#2458=AXIS2_PLACEMENT_3D('',#3646,#2974,#2975);
#2459=AXIS2_PLACEMENT_3D('',#3649,#2977,#2978);
#2460=AXIS2_PLACEMENT_3D('',#3650,#2979,#2980);
#2461=AXIS2_PLACEMENT_3D('',#3656,#2984,#2985);
#2462=AXIS2_PLACEMENT_3D('',#3658,#2986,#2987);
#2463=AXIS2_PLACEMENT_3D('',#3661,#2989,#2990);
#2464=AXIS2_PLACEMENT_3D('',#3662,#2991,#2992);
#2465=AXIS2_PLACEMENT_3D('',#3668,#2996,#2997);
#2466=AXIS2_PLACEMENT_3D('',#3670,#2998,#2999);
#2467=AXIS2_PLACEMENT_3D('',#3673,#3001,#3002);
#2468=AXIS2_PLACEMENT_3D('',#3674,#3003,#3004);
#2469=AXIS2_PLACEMENT_3D('',#3676,#3005,#3006);
#2470=AXIS2_PLACEMENT_3D('',#3679,#3008,#3009);
#2471=AXIS2_PLACEMENT_3D('',#3680,#3010,#3011);
#2472=AXIS2_PLACEMENT_3D('',#3686,#3015,#3016);
#2473=AXIS2_PLACEMENT_3D('',#3688,#3017,#3018);
#2474=AXIS2_PLACEMENT_3D('',#3691,#3020,#3021);
#2475=AXIS2_PLACEMENT_3D('',#3692,#3022,#3023);
#2476=AXIS2_PLACEMENT_3D('',#3694,#3024,#3025);
#2477=AXIS2_PLACEMENT_3D('',#3697,#3027,#3028);
#2478=AXIS2_PLACEMENT_3D('',#3698,#3029,#3030);
#2479=AXIS2_PLACEMENT_3D('',#3704,#3034,#3035);
#2480=AXIS2_PLACEMENT_3D('',#3706,#3036,#3037);
#2481=AXIS2_PLACEMENT_3D('',#3709,#3039,#3040);
#2482=AXIS2_PLACEMENT_3D('',#3710,#3041,#3042);
#2483=AXIS2_PLACEMENT_3D('',#3712,#3043,#3044);
#2484=AXIS2_PLACEMENT_3D('',#3715,#3046,#3047);
#2485=AXIS2_PLACEMENT_3D('',#3716,#3048,#3049);
#2486=AXIS2_PLACEMENT_3D('',#3722,#3053,#3054);
#2487=AXIS2_PLACEMENT_3D('',#3724,#3055,#3056);
#2488=AXIS2_PLACEMENT_3D('',#3727,#3058,#3059);
#2489=AXIS2_PLACEMENT_3D('',#3728,#3060,#3061);
#2490=AXIS2_PLACEMENT_3D('',#3730,#3062,#3063);
#2491=AXIS2_PLACEMENT_3D('',#3733,#3065,#3066);
#2492=AXIS2_PLACEMENT_3D('',#3734,#3067,#3068);
#2493=AXIS2_PLACEMENT_3D('',#3740,#3072,#3073);
#2494=AXIS2_PLACEMENT_3D('',#3742,#3074,#3075);
#2495=AXIS2_PLACEMENT_3D('',#3745,#3077,#3078);
#2496=AXIS2_PLACEMENT_3D('',#3746,#3079,#3080);
#2497=AXIS2_PLACEMENT_3D('',#3748,#3081,#3082);
#2498=AXIS2_PLACEMENT_3D('',#3751,#3084,#3085);
#2499=AXIS2_PLACEMENT_3D('',#3752,#3086,#3087);
#2500=AXIS2_PLACEMENT_3D('',#3758,#3091,#3092);
#2501=AXIS2_PLACEMENT_3D('',#3760,#3093,#3094);
#2502=AXIS2_PLACEMENT_3D('',#3763,#3096,#3097);
#2503=AXIS2_PLACEMENT_3D('',#3764,#3098,#3099);
#2504=AXIS2_PLACEMENT_3D('',#3766,#3100,#3101);
#2505=AXIS2_PLACEMENT_3D('',#3769,#3103,#3104);
#2506=AXIS2_PLACEMENT_3D('',#3770,#3105,#3106);
#2507=AXIS2_PLACEMENT_3D('',#3776,#3110,#3111);
#2508=AXIS2_PLACEMENT_3D('',#3778,#3112,#3113);
#2509=AXIS2_PLACEMENT_3D('',#3781,#3115,#3116);
#2510=AXIS2_PLACEMENT_3D('',#3782,#3117,#3118);
#2511=AXIS2_PLACEMENT_3D('',#3784,#3119,#3120);
#2512=AXIS2_PLACEMENT_3D('',#3787,#3122,#3123);
#2513=AXIS2_PLACEMENT_3D('',#3788,#3124,#3125);
#2514=AXIS2_PLACEMENT_3D('',#3794,#3129,#3130);
#2515=AXIS2_PLACEMENT_3D('',#3796,#3131,#3132);
#2516=AXIS2_PLACEMENT_3D('',#3799,#3134,#3135);
#2517=AXIS2_PLACEMENT_3D('',#3800,#3136,#3137);
#2518=AXIS2_PLACEMENT_3D('',#3802,#3138,#3139);
#2519=AXIS2_PLACEMENT_3D('',#3805,#3141,#3142);
#2520=AXIS2_PLACEMENT_3D('',#3806,#3143,#3144);
#2521=AXIS2_PLACEMENT_3D('',#3812,#3148,#3149);
#2522=AXIS2_PLACEMENT_3D('',#3814,#3150,#3151);
#2523=AXIS2_PLACEMENT_3D('',#3817,#3153,#3154);
#2524=AXIS2_PLACEMENT_3D('',#3818,#3155,#3156);
#2525=AXIS2_PLACEMENT_3D('',#3820,#3157,#3158);
#2526=AXIS2_PLACEMENT_3D('',#3823,#3160,#3161);
#2527=AXIS2_PLACEMENT_3D('',#3824,#3162,#3163);
#2528=AXIS2_PLACEMENT_3D('',#3830,#3167,#3168);
#2529=AXIS2_PLACEMENT_3D('',#3832,#3169,#3170);
#2530=AXIS2_PLACEMENT_3D('',#3835,#3172,#3173);
#2531=AXIS2_PLACEMENT_3D('',#3836,#3174,#3175);
#2532=AXIS2_PLACEMENT_3D('',#3838,#3176,#3177);
#2533=AXIS2_PLACEMENT_3D('',#3841,#3179,#3180);
#2534=AXIS2_PLACEMENT_3D('',#3842,#3181,#3182);
#2535=AXIS2_PLACEMENT_3D('',#3848,#3186,#3187);
#2536=AXIS2_PLACEMENT_3D('',#3850,#3188,#3189);
#2537=AXIS2_PLACEMENT_3D('',#3853,#3191,#3192);
#2538=AXIS2_PLACEMENT_3D('',#3854,#3193,#3194);
#2539=AXIS2_PLACEMENT_3D('',#3860,#3198,#3199);
#2540=AXIS2_PLACEMENT_3D('',#3861,#3200,#3201);
#2541=AXIS2_PLACEMENT_3D('',#3862,#3202,#3203);
#2542=AXIS2_PLACEMENT_3D('',#3863,#3204,#3205);
#2543=AXIS2_PLACEMENT_3D('',#3864,#3206,#3207);
#2544=DIRECTION('axis',(0.,0.,1.));
#2545=DIRECTION('refdir',(1.,0.,0.));
#2546=DIRECTION('center_axis',(-1.,0.,0.));
#2547=DIRECTION('ref_axis',(0.,0.,1.));
#2548=DIRECTION('',(0.,0.,-1.));
#2549=DIRECTION('',(0.,-1.,0.));
#2550=DIRECTION('',(0.,0.,-1.));
#2551=DIRECTION('',(0.,-1.,0.));
#2552=DIRECTION('center_axis',(0.,0.,1.));
#2553=DIRECTION('ref_axis',(1.,0.,0.));
#2554=DIRECTION('',(-1.,0.,0.));
#2555=DIRECTION('',(0.,-1.,0.));
#2556=DIRECTION('',(-1.,0.,0.));
#2557=DIRECTION('center_axis',(1.,0.,0.));
#2558=DIRECTION('ref_axis',(0.,0.,-1.));
#2559=DIRECTION('',(0.,0.,1.));
#2560=DIRECTION('',(0.,-1.,0.));
#2561=DIRECTION('',(0.,0.,1.));
#2562=DIRECTION('center_axis',(0.,0.,-1.));
#2563=DIRECTION('ref_axis',(-1.,0.,0.));
#2564=DIRECTION('',(1.,0.,0.));
#2565=DIRECTION('',(1.,0.,0.));
#2566=DIRECTION('center_axis',(0.,-1.,0.));
#2567=DIRECTION('ref_axis',(0.,0.,-1.));
#2568=DIRECTION('center_axis',(0.,1.,0.));
#2569=DIRECTION('ref_axis',(0.,0.,1.));
#2570=DIRECTION('center_axis',(0.,1.,0.));
#2571=DIRECTION('ref_axis',(0.,0.,1.));
#2572=DIRECTION('center_axis',(0.,-1.,0.));
#2573=DIRECTION('ref_axis',(0.,0.,-1.));
#2574=DIRECTION('center_axis',(0.,1.,0.));
#2575=DIRECTION('ref_axis',(0.,0.,1.));
#2576=DIRECTION('center_axis',(0.,1.,0.));
#2577=DIRECTION('ref_axis',(0.,0.,1.));
#2578=DIRECTION('center_axis',(0.,1.,0.));
#2579=DIRECTION('ref_axis',(0.,0.,1.));
#2580=DIRECTION('',(0.,1.,0.));
#2581=DIRECTION('center_axis',(0.,1.,0.));
#2582=DIRECTION('ref_axis',(0.,0.,1.));
#2583=DIRECTION('',(0.,1.,0.));
#2584=DIRECTION('center_axis',(0.,0.,1.));
#2585=DIRECTION('ref_axis',(1.,0.,0.));
#2586=DIRECTION('',(1.,0.,0.));
#2587=DIRECTION('',(0.,1.,0.));
#2588=DIRECTION('',(1.,0.,0.));
#2589=DIRECTION('',(0.,1.,0.));
#2590=DIRECTION('center_axis',(-1.,0.,0.));
#2591=DIRECTION('ref_axis',(0.,0.,1.));
#2592=DIRECTION('',(0.,0.,1.));
#2593=DIRECTION('',(0.,1.,0.));
#2594=DIRECTION('',(0.,0.,1.));
#2595=DIRECTION('center_axis',(6.19544098563145E-16,0.,-1.));
#2596=DIRECTION('ref_axis',(-1.,0.,-6.19544098563145E-16));
#2597=DIRECTION('',(-1.,0.,-3.96508223080413E-16));
#2598=DIRECTION('',(0.,1.,0.));
#2599=DIRECTION('',(-1.,0.,-3.96508223080413E-16));
#2600=DIRECTION('center_axis',(1.,0.,0.));
#2601=DIRECTION('ref_axis',(0.,0.,-1.));
#2602=DIRECTION('',(0.,0.,-1.));
#2603=DIRECTION('',(0.,0.,-1.));
#2604=DIRECTION('center_axis',(0.,1.,0.));
#2605=DIRECTION('ref_axis',(0.,0.,1.));
#2606=DIRECTION('center_axis',(0.,1.,0.));
#2607=DIRECTION('ref_axis',(0.,0.,1.));
#2608=DIRECTION('center_axis',(-1.,0.,0.));
#2609=DIRECTION('ref_axis',(0.,0.,1.));
#2610=DIRECTION('',(0.,0.,1.));
#2611=DIRECTION('',(0.,1.,0.));
#2612=DIRECTION('',(0.,0.,1.));
#2613=DIRECTION('',(0.,1.,0.));
#2614=DIRECTION('center_axis',(6.19544098563145E-16,0.,-1.));
#2615=DIRECTION('ref_axis',(-1.,0.,-6.19544098563145E-16));
#2616=DIRECTION('',(-1.,0.,-3.96508223080413E-16));
#2617=DIRECTION('',(0.,1.,0.));
#2618=DIRECTION('',(-1.,0.,-3.96508223080413E-16));
#2619=DIRECTION('center_axis',(1.,0.,0.));
#2620=DIRECTION('ref_axis',(0.,0.,-1.));
#2621=DIRECTION('',(0.,0.,-1.));
#2622=DIRECTION('',(0.,1.,0.));
#2623=DIRECTION('',(0.,0.,-1.));
#2624=DIRECTION('center_axis',(0.,0.,1.));
#2625=DIRECTION('ref_axis',(1.,0.,0.));
#2626=DIRECTION('',(1.,0.,0.));
#2627=DIRECTION('',(1.,0.,0.));
#2628=DIRECTION('center_axis',(0.,-1.,0.));
#2629=DIRECTION('ref_axis',(0.,0.,-1.));
#2630=DIRECTION('center_axis',(0.,-1.,0.));
#2631=DIRECTION('ref_axis',(0.,0.,-1.));
#2632=DIRECTION('center_axis',(0.,0.,1.));
#2633=DIRECTION('ref_axis',(1.,0.,0.));
#2634=DIRECTION('',(1.,0.,0.));
#2635=DIRECTION('',(0.,1.,0.));
#2636=DIRECTION('',(1.,0.,0.));
#2637=DIRECTION('',(0.,1.,0.));
#2638=DIRECTION('center_axis',(-1.,0.,0.));
#2639=DIRECTION('ref_axis',(0.,0.,1.));
#2640=DIRECTION('',(0.,0.,1.));
#2641=DIRECTION('',(0.,1.,0.));
#2642=DIRECTION('',(0.,0.,1.));
#2643=DIRECTION('center_axis',(6.19544098563145E-16,0.,-1.));
#2644=DIRECTION('ref_axis',(-1.,0.,-6.19544098563145E-16));
#2645=DIRECTION('',(-1.,0.,-3.96508223080413E-16));
#2646=DIRECTION('',(0.,1.,0.));
#2647=DIRECTION('',(-1.,0.,-3.96508223080413E-16));
#2648=DIRECTION('center_axis',(1.,0.,0.));
#2649=DIRECTION('ref_axis',(0.,0.,-1.));
#2650=DIRECTION('',(0.,0.,-1.));
#2651=DIRECTION('',(0.,0.,-1.));
#2652=DIRECTION('center_axis',(0.,1.,0.));
#2653=DIRECTION('ref_axis',(0.,0.,1.));
#2654=DIRECTION('center_axis',(0.,1.,0.));
#2655=DIRECTION('ref_axis',(0.,0.,1.));
#2656=DIRECTION('center_axis',(0.,0.,1.));
#2657=DIRECTION('ref_axis',(1.,0.,0.));
#2658=DIRECTION('',(1.,0.,0.));
#2659=DIRECTION('',(0.,1.,0.));
#2660=DIRECTION('',(1.,0.,0.));
#2661=DIRECTION('',(0.,1.,0.));
#2662=DIRECTION('center_axis',(-1.,0.,0.));
#2663=DIRECTION('ref_axis',(0.,0.,1.));
#2664=DIRECTION('',(0.,0.,1.));
#2665=DIRECTION('',(0.,1.,0.));
#2666=DIRECTION('',(0.,0.,1.));
#2667=DIRECTION('center_axis',(6.19544098563145E-16,0.,-1.));
#2668=DIRECTION('ref_axis',(-1.,0.,-6.19544098563145E-16));
#2669=DIRECTION('',(-1.,0.,-3.96508223080413E-16));
#2670=DIRECTION('',(0.,1.,0.));
#2671=DIRECTION('',(-1.,0.,-3.96508223080413E-16));
#2672=DIRECTION('center_axis',(1.,0.,0.));
#2673=DIRECTION('ref_axis',(0.,0.,-1.));
#2674=DIRECTION('',(0.,0.,-1.));
#2675=DIRECTION('',(0.,0.,-1.));
#2676=DIRECTION('center_axis',(0.,1.,0.));
#2677=DIRECTION('ref_axis',(0.,0.,1.));
#2678=DIRECTION('center_axis',(0.,1.,0.));
#2679=DIRECTION('ref_axis',(0.,0.,1.));
#2680=DIRECTION('center_axis',(0.,0.,1.));
#2681=DIRECTION('ref_axis',(1.,0.,0.));
#2682=DIRECTION('',(1.,0.,0.));
#2683=DIRECTION('',(0.,1.,0.));
#2684=DIRECTION('',(1.,0.,0.));
#2685=DIRECTION('',(0.,1.,0.));
#2686=DIRECTION('center_axis',(-1.,0.,0.));
#2687=DIRECTION('ref_axis',(0.,0.,1.));
#2688=DIRECTION('',(0.,0.,1.));
#2689=DIRECTION('',(0.,1.,0.));
#2690=DIRECTION('',(0.,0.,1.));
#2691=DIRECTION('center_axis',(6.19544098563145E-16,0.,-1.));
#2692=DIRECTION('ref_axis',(-1.,0.,-6.19544098563145E-16));
#2693=DIRECTION('',(-1.,0.,-3.96508223080413E-16));
#2694=DIRECTION('',(0.,1.,0.));
#2695=DIRECTION('',(-1.,0.,-3.96508223080413E-16));
#2696=DIRECTION('center_axis',(1.,0.,0.));
#2697=DIRECTION('ref_axis',(0.,0.,-1.));
#2698=DIRECTION('',(0.,0.,-1.));
#2699=DIRECTION('',(0.,0.,-1.));
#2700=DIRECTION('center_axis',(0.,1.,0.));
#2701=DIRECTION('ref_axis',(0.,0.,1.));
#2702=DIRECTION('center_axis',(0.,1.,0.));
#2703=DIRECTION('ref_axis',(0.,0.,1.));
#2704=DIRECTION('center_axis',(0.,0.,1.));
#2705=DIRECTION('ref_axis',(1.,0.,0.));
#2706=DIRECTION('',(1.,0.,0.));
#2707=DIRECTION('',(0.,1.,0.));
#2708=DIRECTION('',(1.,0.,0.));
#2709=DIRECTION('',(0.,1.,0.));
#2710=DIRECTION('center_axis',(-1.,0.,0.));
#2711=DIRECTION('ref_axis',(0.,0.,1.));
#2712=DIRECTION('',(0.,0.,1.));
#2713=DIRECTION('',(0.,1.,0.));
#2714=DIRECTION('',(0.,0.,1.));
#2715=DIRECTION('center_axis',(6.19544098563145E-16,0.,-1.));
#2716=DIRECTION('ref_axis',(-1.,0.,-6.19544098563145E-16));
#2717=DIRECTION('',(-1.,0.,-3.96508223080413E-16));
#2718=DIRECTION('',(0.,1.,0.));
#2719=DIRECTION('',(-1.,0.,-3.96508223080413E-16));
#2720=DIRECTION('center_axis',(1.,0.,0.));
#2721=DIRECTION('ref_axis',(0.,0.,-1.));
#2722=DIRECTION('',(0.,0.,-1.));
#2723=DIRECTION('',(0.,0.,-1.));
#2724=DIRECTION('center_axis',(0.,1.,0.));
#2725=DIRECTION('ref_axis',(0.,0.,1.));
#2726=DIRECTION('center_axis',(0.,1.,0.));
#2727=DIRECTION('ref_axis',(0.,0.,1.));
#2728=DIRECTION('center_axis',(0.,0.,1.));
#2729=DIRECTION('ref_axis',(1.,0.,0.));
#2730=DIRECTION('',(1.,0.,0.));
#2731=DIRECTION('',(0.,1.,0.));
#2732=DIRECTION('',(1.,0.,0.));
#2733=DIRECTION('',(0.,1.,0.));
#2734=DIRECTION('center_axis',(-1.,0.,0.));
#2735=DIRECTION('ref_axis',(0.,0.,1.));
#2736=DIRECTION('',(0.,0.,1.));
#2737=DIRECTION('',(0.,1.,0.));
#2738=DIRECTION('',(0.,0.,1.));
#2739=DIRECTION('center_axis',(6.19544098563145E-16,0.,-1.));
#2740=DIRECTION('ref_axis',(-1.,0.,-6.19544098563145E-16));
#2741=DIRECTION('',(-1.,0.,-3.96508223080413E-16));
#2742=DIRECTION('',(0.,1.,0.));
#2743=DIRECTION('',(-1.,0.,-3.96508223080413E-16));
#2744=DIRECTION('center_axis',(1.,0.,0.));
#2745=DIRECTION('ref_axis',(0.,0.,-1.));
#2746=DIRECTION('',(0.,0.,-1.));
#2747=DIRECTION('',(0.,0.,-1.));
#2748=DIRECTION('center_axis',(0.,1.,0.));
#2749=DIRECTION('ref_axis',(0.,0.,1.));
#2750=DIRECTION('center_axis',(0.,1.,0.));
#2751=DIRECTION('ref_axis',(0.,0.,1.));
#2752=DIRECTION('center_axis',(0.,0.,1.));
#2753=DIRECTION('ref_axis',(1.,0.,0.));
#2754=DIRECTION('',(1.,0.,0.));
#2755=DIRECTION('',(0.,1.,0.));
#2756=DIRECTION('',(1.,0.,0.));
#2757=DIRECTION('',(0.,1.,0.));
#2758=DIRECTION('center_axis',(-1.,0.,0.));
#2759=DIRECTION('ref_axis',(0.,0.,1.));
#2760=DIRECTION('',(0.,0.,1.));
#2761=DIRECTION('',(0.,1.,0.));
#2762=DIRECTION('',(0.,0.,1.));
#2763=DIRECTION('center_axis',(6.19544098563145E-16,0.,-1.));
#2764=DIRECTION('ref_axis',(-1.,0.,-6.19544098563145E-16));
#2765=DIRECTION('',(-1.,0.,-3.96508223080413E-16));
#2766=DIRECTION('',(0.,1.,0.));
#2767=DIRECTION('',(-1.,0.,-3.96508223080413E-16));
#2768=DIRECTION('center_axis',(1.,0.,0.));
#2769=DIRECTION('ref_axis',(0.,0.,-1.));
#2770=DIRECTION('',(0.,0.,-1.));
#2771=DIRECTION('',(0.,0.,-1.));
#2772=DIRECTION('center_axis',(0.,1.,0.));
#2773=DIRECTION('ref_axis',(0.,0.,1.));
#2774=DIRECTION('center_axis',(0.,1.,0.));
#2775=DIRECTION('ref_axis',(0.,0.,1.));
#2776=DIRECTION('center_axis',(0.,0.,-1.));
#2777=DIRECTION('ref_axis',(-1.,0.,0.));
#2778=DIRECTION('',(1.,0.,0.));
#2779=DIRECTION('',(0.,-1.,0.));
#2780=DIRECTION('',(1.,0.,0.));
#2781=DIRECTION('',(0.,-1.,0.));
#2782=DIRECTION('center_axis',(0.,-1.,0.));
#2783=DIRECTION('ref_axis',(0.,0.,-1.));
#2784=DIRECTION('center_axis',(0.,1.,0.));
#2785=DIRECTION('ref_axis',(0.,0.,1.));
#2786=DIRECTION('',(0.,-1.,0.));
#2787=DIRECTION('center_axis',(0.,1.,0.));
#2788=DIRECTION('ref_axis',(0.,0.,1.));
#2789=DIRECTION('center_axis',(0.,-1.,0.));
#2790=DIRECTION('ref_axis',(0.,0.,-1.));
#2791=DIRECTION('center_axis',(0.,1.,0.));
#2792=DIRECTION('ref_axis',(0.,0.,1.));
#2793=DIRECTION('',(0.,-1.,0.));
#2794=DIRECTION('center_axis',(0.,1.,0.));
#2795=DIRECTION('ref_axis',(0.,0.,1.));
#2796=DIRECTION('center_axis',(0.,0.,-1.));
#2797=DIRECTION('ref_axis',(-1.,0.,0.));
#2798=DIRECTION('',(1.,0.,0.));
#2799=DIRECTION('',(0.,-1.,0.));
#2800=DIRECTION('',(1.,0.,0.));
#2801=DIRECTION('center_axis',(0.,-1.,0.));
#2802=DIRECTION('ref_axis',(0.,0.,-1.));
#2803=DIRECTION('center_axis',(0.,1.,0.));
#2804=DIRECTION('ref_axis',(0.,0.,1.));
#2805=DIRECTION('',(0.,-1.,0.));
#2806=DIRECTION('center_axis',(0.,1.,0.));
#2807=DIRECTION('ref_axis',(0.,0.,1.));
#2808=DIRECTION('center_axis',(0.,-1.,0.));
#2809=DIRECTION('ref_axis',(0.,0.,-1.));
#2810=DIRECTION('center_axis',(0.,1.,0.));
#2811=DIRECTION('ref_axis',(0.,0.,1.));
#2812=DIRECTION('',(0.,-1.,0.));
#2813=DIRECTION('center_axis',(0.,1.,0.));
#2814=DIRECTION('ref_axis',(0.,0.,1.));
#2815=DIRECTION('center_axis',(0.,0.,-1.));
#2816=DIRECTION('ref_axis',(-1.,0.,0.));
#2817=DIRECTION('',(1.,0.,0.));
#2818=DIRECTION('',(0.,-1.,0.));
#2819=DIRECTION('',(1.,0.,0.));
#2820=DIRECTION('center_axis',(0.,-1.,0.));
#2821=DIRECTION('ref_axis',(0.,0.,-1.));
#2822=DIRECTION('center_axis',(0.,1.,0.));
#2823=DIRECTION('ref_axis',(0.,0.,1.));
#2824=DIRECTION('',(0.,-1.,0.));
#2825=DIRECTION('center_axis',(0.,1.,0.));
#2826=DIRECTION('ref_axis',(0.,0.,1.));
#2827=DIRECTION('center_axis',(0.,-1.,0.));
#2828=DIRECTION('ref_axis',(0.,0.,-1.));
#2829=DIRECTION('center_axis',(0.,1.,0.));
#2830=DIRECTION('ref_axis',(0.,0.,1.));
#2831=DIRECTION('',(0.,-1.,0.));
#2832=DIRECTION('center_axis',(0.,1.,0.));
#2833=DIRECTION('ref_axis',(0.,0.,1.));
#2834=DIRECTION('center_axis',(0.,0.,-1.));
#2835=DIRECTION('ref_axis',(-1.,0.,0.));
#2836=DIRECTION('',(1.,0.,0.));
#2837=DIRECTION('',(0.,-1.,0.));
#2838=DIRECTION('',(1.,0.,0.));
#2839=DIRECTION('center_axis',(0.,-1.,0.));
#2840=DIRECTION('ref_axis',(0.,0.,-1.));
#2841=DIRECTION('center_axis',(0.,1.,0.));
#2842=DIRECTION('ref_axis',(0.,0.,1.));
#2843=DIRECTION('',(0.,-1.,0.));
#2844=DIRECTION('center_axis',(0.,1.,0.));
#2845=DIRECTION('ref_axis',(0.,0.,1.));
#2846=DIRECTION('center_axis',(0.,-1.,0.));
#2847=DIRECTION('ref_axis',(0.,0.,-1.));
#2848=DIRECTION('center_axis',(0.,1.,0.));
#2849=DIRECTION('ref_axis',(0.,0.,1.));
#2850=DIRECTION('',(0.,-1.,0.));
#2851=DIRECTION('center_axis',(0.,1.,0.));
#2852=DIRECTION('ref_axis',(0.,0.,1.));
#2853=DIRECTION('center_axis',(0.,0.,-1.));
#2854=DIRECTION('ref_axis',(-1.,0.,0.));
#2855=DIRECTION('',(1.,0.,0.));
#2856=DIRECTION('',(0.,-1.,0.));
#2857=DIRECTION('',(1.,0.,0.));
#2858=DIRECTION('center_axis',(0.,-1.,0.));
#2859=DIRECTION('ref_axis',(0.,0.,-1.));
#2860=DIRECTION('center_axis',(0.,1.,0.));
#2861=DIRECTION('ref_axis',(0.,0.,1.));
#2862=DIRECTION('',(0.,-1.,0.));
#2863=DIRECTION('center_axis',(0.,1.,0.));
#2864=DIRECTION('ref_axis',(0.,0.,1.));
#2865=DIRECTION('center_axis',(0.,-1.,0.));
#2866=DIRECTION('ref_axis',(0.,0.,-1.));
#2867=DIRECTION('center_axis',(0.,1.,0.));
#2868=DIRECTION('ref_axis',(0.,0.,1.));
#2869=DIRECTION('',(0.,-1.,0.));
#2870=DIRECTION('center_axis',(0.,1.,0.));
#2871=DIRECTION('ref_axis',(0.,0.,1.));
#2872=DIRECTION('center_axis',(0.,0.,-1.));
#2873=DIRECTION('ref_axis',(-1.,0.,0.));
#2874=DIRECTION('',(1.,0.,0.));
#2875=DIRECTION('',(0.,-1.,0.));
#2876=DIRECTION('',(1.,0.,0.));
#2877=DIRECTION('center_axis',(0.,-1.,0.));
#2878=DIRECTION('ref_axis',(0.,0.,-1.));
#2879=DIRECTION('center_axis',(0.,1.,0.));
#2880=DIRECTION('ref_axis',(0.,0.,1.));
#2881=DIRECTION('',(0.,-1.,0.));
#2882=DIRECTION('center_axis',(0.,1.,0.));
#2883=DIRECTION('ref_axis',(0.,0.,1.));
#2884=DIRECTION('center_axis',(0.,-1.,0.));
#2885=DIRECTION('ref_axis',(0.,0.,-1.));
#2886=DIRECTION('center_axis',(0.,1.,0.));
#2887=DIRECTION('ref_axis',(0.,0.,1.));
#2888=DIRECTION('',(0.,-1.,0.));
#2889=DIRECTION('center_axis',(0.,1.,0.));
#2890=DIRECTION('ref_axis',(0.,0.,1.));
#2891=DIRECTION('center_axis',(0.,0.,-1.));
#2892=DIRECTION('ref_axis',(-1.,0.,0.));
#2893=DIRECTION('',(1.,0.,0.));
#2894=DIRECTION('',(0.,-1.,0.));
#2895=DIRECTION('',(1.,0.,0.));
#2896=DIRECTION('center_axis',(0.,-1.,0.));
#2897=DIRECTION('ref_axis',(0.,0.,-1.));
#2898=DIRECTION('center_axis',(0.,1.,0.));
#2899=DIRECTION('ref_axis',(0.,0.,1.));
#2900=DIRECTION('',(0.,-1.,0.));
#2901=DIRECTION('center_axis',(0.,1.,0.));
#2902=DIRECTION('ref_axis',(0.,0.,1.));
#2903=DIRECTION('center_axis',(0.,-1.,0.));
#2904=DIRECTION('ref_axis',(0.,0.,-1.));
#2905=DIRECTION('center_axis',(0.,1.,0.));
#2906=DIRECTION('ref_axis',(0.,0.,1.));
#2907=DIRECTION('',(0.,-1.,0.));
#2908=DIRECTION('center_axis',(0.,1.,0.));
#2909=DIRECTION('ref_axis',(0.,0.,1.));
#2910=DIRECTION('center_axis',(0.,0.,-1.));
#2911=DIRECTION('ref_axis',(-1.,0.,0.));
#2912=DIRECTION('',(1.,0.,0.));
#2913=DIRECTION('',(0.,-1.,0.));
#2914=DIRECTION('',(1.,0.,0.));
#2915=DIRECTION('center_axis',(0.,-1.,0.));
#2916=DIRECTION('ref_axis',(0.,0.,-1.));
#2917=DIRECTION('center_axis',(0.,1.,0.));
#2918=DIRECTION('ref_axis',(0.,0.,1.));
#2919=DIRECTION('',(0.,-1.,0.));
#2920=DIRECTION('center_axis',(0.,1.,0.));
#2921=DIRECTION('ref_axis',(0.,0.,1.));
#2922=DIRECTION('center_axis',(0.,-1.,0.));
#2923=DIRECTION('ref_axis',(0.,0.,-1.));
#2924=DIRECTION('center_axis',(0.,1.,0.));
#2925=DIRECTION('ref_axis',(0.,0.,1.));
#2926=DIRECTION('',(0.,-1.,0.));
#2927=DIRECTION('center_axis',(0.,1.,0.));
#2928=DIRECTION('ref_axis',(0.,0.,1.));
#2929=DIRECTION('center_axis',(0.,0.,-1.));
#2930=DIRECTION('ref_axis',(-1.,0.,0.));
#2931=DIRECTION('',(1.,0.,0.));
#2932=DIRECTION('',(0.,-1.,0.));
#2933=DIRECTION('',(1.,0.,0.));
#2934=DIRECTION('center_axis',(0.,-1.,0.));
#2935=DIRECTION('ref_axis',(0.,0.,-1.));
#2936=DIRECTION('center_axis',(0.,1.,0.));
#2937=DIRECTION('ref_axis',(0.,0.,1.));
#2938=DIRECTION('',(0.,-1.,0.));
#2939=DIRECTION('center_axis',(0.,1.,0.));
#2940=DIRECTION('ref_axis',(0.,0.,1.));
#2941=DIRECTION('center_axis',(0.,-1.,0.));
#2942=DIRECTION('ref_axis',(0.,0.,-1.));
#2943=DIRECTION('center_axis',(0.,1.,0.));
#2944=DIRECTION('ref_axis',(0.,0.,1.));
#2945=DIRECTION('',(0.,-1.,0.));
#2946=DIRECTION('center_axis',(0.,1.,0.));
#2947=DIRECTION('ref_axis',(0.,0.,1.));
#2948=DIRECTION('center_axis',(0.,0.,-1.));
#2949=DIRECTION('ref_axis',(-1.,0.,0.));
#2950=DIRECTION('',(1.,0.,0.));
#2951=DIRECTION('',(0.,-1.,0.));
#2952=DIRECTION('',(1.,0.,0.));
#2953=DIRECTION('center_axis',(0.,-1.,0.));
#2954=DIRECTION('ref_axis',(0.,0.,-1.));
#2955=DIRECTION('center_axis',(0.,1.,0.));
#2956=DIRECTION('ref_axis',(0.,0.,1.));
#2957=DIRECTION('',(0.,-1.,0.));
#2958=DIRECTION('center_axis',(0.,1.,0.));
#2959=DIRECTION('ref_axis',(0.,0.,1.));
#2960=DIRECTION('center_axis',(0.,-1.,0.));
#2961=DIRECTION('ref_axis',(0.,0.,-1.));
#2962=DIRECTION('center_axis',(0.,1.,0.));
#2963=DIRECTION('ref_axis',(0.,0.,1.));
#2964=DIRECTION('',(0.,-1.,0.));
#2965=DIRECTION('center_axis',(0.,1.,0.));
#2966=DIRECTION('ref_axis',(0.,0.,1.));
#2967=DIRECTION('center_axis',(0.,0.,-1.));
#2968=DIRECTION('ref_axis',(-1.,0.,0.));
#2969=DIRECTION('',(1.,0.,0.));
#2970=DIRECTION('',(0.,-1.,0.));
#2971=DIRECTION('',(1.,0.,0.));
#2972=DIRECTION('center_axis',(0.,-1.,0.));
#2973=DIRECTION('ref_axis',(0.,0.,-1.));
#2974=DIRECTION('center_axis',(0.,1.,0.));
#2975=DIRECTION('ref_axis',(0.,0.,1.));
#2976=DIRECTION('',(0.,-1.,0.));
#2977=DIRECTION('center_axis',(0.,1.,0.));
#2978=DIRECTION('ref_axis',(0.,0.,1.));
#2979=DIRECTION('center_axis',(1.,0.,0.));
#2980=DIRECTION('ref_axis',(0.,0.,-1.));
#2981=DIRECTION('',(0.,0.,1.));
#2982=DIRECTION('',(0.,-1.,0.));
#2983=DIRECTION('',(0.,0.,1.));
#2984=DIRECTION('center_axis',(0.,-1.,0.));
#2985=DIRECTION('ref_axis',(0.,0.,-1.));
#2986=DIRECTION('center_axis',(0.,1.,0.));
#2987=DIRECTION('ref_axis',(0.,0.,1.));
#2988=DIRECTION('',(0.,-1.,0.));
#2989=DIRECTION('center_axis',(0.,1.,0.));
#2990=DIRECTION('ref_axis',(0.,0.,1.));
#2991=DIRECTION('center_axis',(0.,0.,1.));
#2992=DIRECTION('ref_axis',(1.,0.,0.));
#2993=DIRECTION('',(-1.,0.,0.));
#2994=DIRECTION('',(0.,-1.,0.));
#2995=DIRECTION('',(-1.,0.,0.));
#2996=DIRECTION('center_axis',(0.,-1.,0.));
#2997=DIRECTION('ref_axis',(0.,0.,-1.));
#2998=DIRECTION('center_axis',(0.,1.,0.));
#2999=DIRECTION('ref_axis',(0.,0.,1.));
#3000=DIRECTION('',(0.,-1.,0.));
#3001=DIRECTION('center_axis',(0.,1.,0.));
#3002=DIRECTION('ref_axis',(0.,0.,1.));
#3003=DIRECTION('center_axis',(0.,-1.,0.));
#3004=DIRECTION('ref_axis',(0.,0.,-1.));
#3005=DIRECTION('center_axis',(0.,1.,0.));
#3006=DIRECTION('ref_axis',(0.,0.,1.));
#3007=DIRECTION('',(0.,-1.,0.));
#3008=DIRECTION('center_axis',(0.,1.,0.));
#3009=DIRECTION('ref_axis',(0.,0.,1.));
#3010=DIRECTION('center_axis',(0.,0.,1.));
#3011=DIRECTION('ref_axis',(1.,0.,0.));
#3012=DIRECTION('',(-1.,0.,0.));
#3013=DIRECTION('',(0.,-1.,0.));
#3014=DIRECTION('',(-1.,0.,0.));
#3015=DIRECTION('center_axis',(0.,-1.,0.));
#3016=DIRECTION('ref_axis',(0.,0.,-1.));
#3017=DIRECTION('center_axis',(0.,1.,0.));
#3018=DIRECTION('ref_axis',(0.,0.,1.));
#3019=DIRECTION('',(0.,-1.,0.));
#3020=DIRECTION('center_axis',(0.,1.,0.));
#3021=DIRECTION('ref_axis',(0.,0.,1.));
#3022=DIRECTION('center_axis',(0.,-1.,0.));
#3023=DIRECTION('ref_axis',(0.,0.,-1.));
#3024=DIRECTION('center_axis',(0.,1.,0.));
#3025=DIRECTION('ref_axis',(0.,0.,1.));
#3026=DIRECTION('',(0.,-1.,0.));
#3027=DIRECTION('center_axis',(0.,1.,0.));
#3028=DIRECTION('ref_axis',(0.,0.,1.));
#3029=DIRECTION('center_axis',(0.,0.,1.));
#3030=DIRECTION('ref_axis',(1.,0.,0.));
#3031=DIRECTION('',(-1.,0.,0.));
#3032=DIRECTION('',(0.,-1.,0.));
#3033=DIRECTION('',(-1.,0.,0.));
#3034=DIRECTION('center_axis',(0.,-1.,0.));
#3035=DIRECTION('ref_axis',(0.,0.,-1.));
#3036=DIRECTION('center_axis',(0.,1.,0.));
#3037=DIRECTION('ref_axis',(0.,0.,1.));
#3038=DIRECTION('',(0.,-1.,0.));
#3039=DIRECTION('center_axis',(0.,1.,0.));
#3040=DIRECTION('ref_axis',(0.,0.,1.));
#3041=DIRECTION('center_axis',(0.,-1.,0.));
#3042=DIRECTION('ref_axis',(0.,0.,-1.));
#3043=DIRECTION('center_axis',(0.,1.,0.));
#3044=DIRECTION('ref_axis',(0.,0.,1.));
#3045=DIRECTION('',(0.,-1.,0.));
#3046=DIRECTION('center_axis',(0.,1.,0.));
#3047=DIRECTION('ref_axis',(0.,0.,1.));
#3048=DIRECTION('center_axis',(0.,0.,1.));
#3049=DIRECTION('ref_axis',(1.,0.,0.));
#3050=DIRECTION('',(-1.,0.,0.));
#3051=DIRECTION('',(0.,-1.,0.));
#3052=DIRECTION('',(-1.,0.,0.));
#3053=DIRECTION('center_axis',(0.,-1.,0.));
#3054=DIRECTION('ref_axis',(0.,0.,-1.));
#3055=DIRECTION('center_axis',(0.,1.,0.));
#3056=DIRECTION('ref_axis',(0.,0.,1.));
#3057=DIRECTION('',(0.,-1.,0.));
#3058=DIRECTION('center_axis',(0.,1.,0.));
#3059=DIRECTION('ref_axis',(0.,0.,1.));
#3060=DIRECTION('center_axis',(0.,-1.,0.));
#3061=DIRECTION('ref_axis',(0.,0.,-1.));
#3062=DIRECTION('center_axis',(0.,1.,0.));
#3063=DIRECTION('ref_axis',(0.,0.,1.));
#3064=DIRECTION('',(0.,-1.,0.));
#3065=DIRECTION('center_axis',(0.,1.,0.));
#3066=DIRECTION('ref_axis',(0.,0.,1.));
#3067=DIRECTION('center_axis',(0.,0.,1.));
#3068=DIRECTION('ref_axis',(1.,0.,0.));
#3069=DIRECTION('',(-1.,0.,0.));
#3070=DIRECTION('',(0.,-1.,0.));
#3071=DIRECTION('',(-1.,0.,0.));
#3072=DIRECTION('center_axis',(0.,-1.,0.));
#3073=DIRECTION('ref_axis',(0.,0.,-1.));
#3074=DIRECTION('center_axis',(0.,1.,0.));
#3075=DIRECTION('ref_axis',(0.,0.,1.));
#3076=DIRECTION('',(0.,-1.,0.));
#3077=DIRECTION('center_axis',(0.,1.,0.));
#3078=DIRECTION('ref_axis',(0.,0.,1.));
#3079=DIRECTION('center_axis',(0.,-1.,0.));
#3080=DIRECTION('ref_axis',(0.,0.,-1.));
#3081=DIRECTION('center_axis',(0.,1.,0.));
#3082=DIRECTION('ref_axis',(0.,0.,1.));
#3083=DIRECTION('',(0.,-1.,0.));
#3084=DIRECTION('center_axis',(0.,1.,0.));
#3085=DIRECTION('ref_axis',(0.,0.,1.));
#3086=DIRECTION('center_axis',(0.,0.,1.));
#3087=DIRECTION('ref_axis',(1.,0.,0.));
#3088=DIRECTION('',(-1.,0.,0.));
#3089=DIRECTION('',(0.,-1.,0.));
#3090=DIRECTION('',(-1.,0.,0.));
#3091=DIRECTION('center_axis',(0.,-1.,0.));
#3092=DIRECTION('ref_axis',(0.,0.,-1.));
#3093=DIRECTION('center_axis',(0.,1.,0.));
#3094=DIRECTION('ref_axis',(0.,0.,1.));
#3095=DIRECTION('',(0.,-1.,0.));
#3096=DIRECTION('center_axis',(0.,1.,0.));
#3097=DIRECTION('ref_axis',(0.,0.,1.));
#3098=DIRECTION('center_axis',(0.,-1.,0.));
#3099=DIRECTION('ref_axis',(0.,0.,-1.));
#3100=DIRECTION('center_axis',(0.,1.,0.));
#3101=DIRECTION('ref_axis',(0.,0.,1.));
#3102=DIRECTION('',(0.,-1.,0.));
#3103=DIRECTION('center_axis',(0.,1.,0.));
#3104=DIRECTION('ref_axis',(0.,0.,1.));
#3105=DIRECTION('center_axis',(0.,0.,1.));
#3106=DIRECTION('ref_axis',(1.,0.,0.));
#3107=DIRECTION('',(-1.,0.,0.));
#3108=DIRECTION('',(0.,-1.,0.));
#3109=DIRECTION('',(-1.,0.,0.));
#3110=DIRECTION('center_axis',(0.,-1.,0.));
#3111=DIRECTION('ref_axis',(0.,0.,-1.));
#3112=DIRECTION('center_axis',(0.,1.,0.));
#3113=DIRECTION('ref_axis',(0.,0.,1.));
#3114=DIRECTION('',(0.,-1.,0.));
#3115=DIRECTION('center_axis',(0.,1.,0.));
#3116=DIRECTION('ref_axis',(0.,0.,1.));
#3117=DIRECTION('center_axis',(0.,-1.,0.));
#3118=DIRECTION('ref_axis',(0.,0.,-1.));
#3119=DIRECTION('center_axis',(0.,1.,0.));
#3120=DIRECTION('ref_axis',(0.,0.,1.));
#3121=DIRECTION('',(0.,-1.,0.));
#3122=DIRECTION('center_axis',(0.,1.,0.));
#3123=DIRECTION('ref_axis',(0.,0.,1.));
#3124=DIRECTION('center_axis',(0.,0.,1.));
#3125=DIRECTION('ref_axis',(1.,0.,0.));
#3126=DIRECTION('',(-1.,0.,0.));
#3127=DIRECTION('',(0.,-1.,0.));
#3128=DIRECTION('',(-1.,0.,0.));
#3129=DIRECTION('center_axis',(0.,-1.,0.));
#3130=DIRECTION('ref_axis',(0.,0.,-1.));
#3131=DIRECTION('center_axis',(0.,1.,0.));
#3132=DIRECTION('ref_axis',(0.,0.,1.));
#3133=DIRECTION('',(0.,-1.,0.));
#3134=DIRECTION('center_axis',(0.,1.,0.));
#3135=DIRECTION('ref_axis',(0.,0.,1.));
#3136=DIRECTION('center_axis',(0.,-1.,0.));
#3137=DIRECTION('ref_axis',(0.,0.,-1.));
#3138=DIRECTION('center_axis',(0.,1.,0.));
#3139=DIRECTION('ref_axis',(0.,0.,1.));
#3140=DIRECTION('',(0.,-1.,0.));
#3141=DIRECTION('center_axis',(0.,1.,0.));
#3142=DIRECTION('ref_axis',(0.,0.,1.));
#3143=DIRECTION('center_axis',(0.,0.,1.));
#3144=DIRECTION('ref_axis',(1.,0.,0.));
#3145=DIRECTION('',(-1.,0.,0.));
#3146=DIRECTION('',(0.,-1.,0.));
#3147=DIRECTION('',(-1.,0.,0.));
#3148=DIRECTION('center_axis',(0.,-1.,0.));
#3149=DIRECTION('ref_axis',(0.,0.,-1.));
#3150=DIRECTION('center_axis',(0.,1.,0.));
#3151=DIRECTION('ref_axis',(0.,0.,1.));
#3152=DIRECTION('',(0.,-1.,0.));
#3153=DIRECTION('center_axis',(0.,1.,0.));
#3154=DIRECTION('ref_axis',(0.,0.,1.));
#3155=DIRECTION('center_axis',(0.,-1.,0.));
#3156=DIRECTION('ref_axis',(0.,0.,-1.));
#3157=DIRECTION('center_axis',(0.,1.,0.));
#3158=DIRECTION('ref_axis',(0.,0.,1.));
#3159=DIRECTION('',(0.,-1.,0.));
#3160=DIRECTION('center_axis',(0.,1.,0.));
#3161=DIRECTION('ref_axis',(0.,0.,1.));
#3162=DIRECTION('center_axis',(0.,0.,1.));
#3163=DIRECTION('ref_axis',(1.,0.,0.));
#3164=DIRECTION('',(-1.,0.,0.));
#3165=DIRECTION('',(0.,-1.,0.));
#3166=DIRECTION('',(-1.,0.,0.));
#3167=DIRECTION('center_axis',(0.,-1.,0.));
#3168=DIRECTION('ref_axis',(0.,0.,-1.));
#3169=DIRECTION('center_axis',(0.,1.,0.));
#3170=DIRECTION('ref_axis',(0.,0.,1.));
#3171=DIRECTION('',(0.,-1.,0.));
#3172=DIRECTION('center_axis',(0.,1.,0.));
#3173=DIRECTION('ref_axis',(0.,0.,1.));
#3174=DIRECTION('center_axis',(0.,-1.,0.));
#3175=DIRECTION('ref_axis',(0.,0.,-1.));
#3176=DIRECTION('center_axis',(0.,1.,0.));
#3177=DIRECTION('ref_axis',(0.,0.,1.));
#3178=DIRECTION('',(0.,-1.,0.));
#3179=DIRECTION('center_axis',(0.,1.,0.));
#3180=DIRECTION('ref_axis',(0.,0.,1.));
#3181=DIRECTION('center_axis',(0.,0.,1.));
#3182=DIRECTION('ref_axis',(1.,0.,0.));
#3183=DIRECTION('',(-1.,0.,0.));
#3184=DIRECTION('',(0.,-1.,0.));
#3185=DIRECTION('',(-1.,0.,0.));
#3186=DIRECTION('center_axis',(0.,-1.,0.));
#3187=DIRECTION('ref_axis',(0.,0.,-1.));
#3188=DIRECTION('center_axis',(0.,1.,0.));
#3189=DIRECTION('ref_axis',(0.,0.,1.));
#3190=DIRECTION('',(0.,-1.,0.));
#3191=DIRECTION('center_axis',(0.,1.,0.));
#3192=DIRECTION('ref_axis',(0.,0.,1.));
#3193=DIRECTION('center_axis',(1.,0.,0.));
#3194=DIRECTION('ref_axis',(0.,0.,-1.));
#3195=DIRECTION('',(0.,0.,1.));
#3196=DIRECTION('',(0.,-1.,0.));
#3197=DIRECTION('',(0.,0.,1.));
#3198=DIRECTION('center_axis',(0.,-1.,0.));
#3199=DIRECTION('ref_axis',(0.,0.,-1.));
#3200=DIRECTION('center_axis',(0.,1.,0.));
#3201=DIRECTION('ref_axis',(0.,0.,1.));
#3202=DIRECTION('center_axis',(0.,1.,0.));
#3203=DIRECTION('ref_axis',(0.,0.,1.));
#3204=DIRECTION('center_axis',(0.,1.,0.));
#3205=DIRECTION('ref_axis',(0.,0.,1.));
#3206=DIRECTION('center_axis',(0.,1.,0.));
#3207=DIRECTION('ref_axis',(0.,0.,1.));
#3208=CARTESIAN_POINT('',(0.,0.,0.));
#3209=CARTESIAN_POINT('Origin',(33.25,1.5,8.));
#3210=CARTESIAN_POINT('',(33.25,0.,8.));
#3211=CARTESIAN_POINT('',(33.25,0.,-8.));
#3212=CARTESIAN_POINT('',(33.25,0.,8.));
#3213=CARTESIAN_POINT('',(33.25,1.5,-8.));
#3214=CARTESIAN_POINT('',(33.25,1.5,-8.));
#3215=CARTESIAN_POINT('',(33.25,1.5,8.));
#3216=CARTESIAN_POINT('',(33.25,1.5,8.));
#3217=CARTESIAN_POINT('',(33.25,1.5,8.));
#3218=CARTESIAN_POINT('Origin',(-33.25,1.5,-8.));
#3219=CARTESIAN_POINT('',(-33.25,0.,-8.));
#3220=CARTESIAN_POINT('',(33.25,0.,-8.));
#3221=CARTESIAN_POINT('',(-33.25,1.5,-8.));
#3222=CARTESIAN_POINT('',(-33.25,1.5,-8.));
#3223=CARTESIAN_POINT('',(33.25,1.5,-8.));
#3224=CARTESIAN_POINT('Origin',(-33.25,1.5,8.));
#3225=CARTESIAN_POINT('',(-33.25,0.,8.));
#3226=CARTESIAN_POINT('',(-33.25,0.,-8.));
#3227=CARTESIAN_POINT('',(-33.25,1.5,8.));
#3228=CARTESIAN_POINT('',(-33.25,1.5,8.));
#3229=CARTESIAN_POINT('',(-33.25,1.5,-8.));
#3230=CARTESIAN_POINT('Origin',(-33.25,1.5,8.));
#3231=CARTESIAN_POINT('',(-33.25,0.,8.));
#3232=CARTESIAN_POINT('',(-33.25,1.5,8.));
#3233=CARTESIAN_POINT('Origin',(0.,1.5,0.));
#3234=CARTESIAN_POINT('',(-18.25,1.5,-6.));
#3235=CARTESIAN_POINT('Origin',(-18.25,1.5,-4.5));
#3236=CARTESIAN_POINT('',(18.25,1.5,-6.));
#3237=CARTESIAN_POINT('Origin',(18.25,1.5,-4.5));
#3238=CARTESIAN_POINT('Origin',(0.,0.,0.));
#3239=CARTESIAN_POINT('',(-18.25,0.,-6.));
#3240=CARTESIAN_POINT('Origin',(-18.25,0.,-4.5));
#3241=CARTESIAN_POINT('',(18.25,0.,-6.));
#3242=CARTESIAN_POINT('Origin',(18.25,0.,-4.5));
#3243=CARTESIAN_POINT('Origin',(18.25,0.,-4.5));
#3244=CARTESIAN_POINT('',(18.25,0.,-6.));
#3245=CARTESIAN_POINT('Origin',(-18.25,0.,-4.5));
#3246=CARTESIAN_POINT('',(-18.25,0.,-6.));
#3247=CARTESIAN_POINT('Origin',(26.45,-1.5,3.));
#3248=CARTESIAN_POINT('',(26.45,0.,3.));
#3249=CARTESIAN_POINT('',(29.25,0.,3.));
#3250=CARTESIAN_POINT('',(26.45,0.,3.));
#3251=CARTESIAN_POINT('',(29.25,-1.5,3.));
#3252=CARTESIAN_POINT('',(29.25,-1.5,3.));
#3253=CARTESIAN_POINT('',(26.45,-1.5,3.));
#3254=CARTESIAN_POINT('',(26.45,-1.5,3.));
#3255=CARTESIAN_POINT('',(26.45,-1.5,3.));
#3256=CARTESIAN_POINT('Origin',(29.25,-1.5,6.30000000000001));
#3257=CARTESIAN_POINT('',(29.25,0.,6.30000000000001));
#3258=CARTESIAN_POINT('',(29.25,0.,3.));
#3259=CARTESIAN_POINT('',(29.25,-1.5,6.30000000000001));
#3260=CARTESIAN_POINT('',(29.25,-1.5,6.30000000000001));
#3261=CARTESIAN_POINT('',(29.25,-1.5,3.));
#3262=CARTESIAN_POINT('Origin',(26.45,-1.5,6.30000000000001));
#3263=CARTESIAN_POINT('',(26.45,0.,6.30000000000001));
#3264=CARTESIAN_POINT('',(29.25,0.,6.30000000000001));
#3265=CARTESIAN_POINT('',(26.45,-1.5,6.30000000000001));
#3266=CARTESIAN_POINT('',(26.45,-1.5,6.30000000000001));
#3267=CARTESIAN_POINT('',(29.25,-1.5,6.30000000000001));
#3268=CARTESIAN_POINT('Origin',(26.45,-1.5,6.30000000000001));
#3269=CARTESIAN_POINT('',(26.45,0.,6.30000000000001));
#3270=CARTESIAN_POINT('',(26.45,-1.5,6.30000000000001));
#3271=CARTESIAN_POINT('Origin',(0.,-1.5,0.));
#3272=CARTESIAN_POINT('Origin',(0.,0.,0.));
#3273=CARTESIAN_POINT('Origin',(-26.45,-1.5,6.30000000000001));
#3274=CARTESIAN_POINT('',(-26.45,0.,3.));
#3275=CARTESIAN_POINT('',(-26.45,0.,6.30000000000001));
#3276=CARTESIAN_POINT('',(-26.45,0.,3.));
#3277=CARTESIAN_POINT('',(-26.45,-1.5,6.30000000000001));
#3278=CARTESIAN_POINT('',(-26.45,-1.5,6.30000000000001));
#3279=CARTESIAN_POINT('',(-26.45,-1.5,3.));
#3280=CARTESIAN_POINT('',(-26.45,-1.5,3.));
#3281=CARTESIAN_POINT('',(-26.45,-1.5,3.));
#3282=CARTESIAN_POINT('Origin',(-29.25,-1.5,6.30000000000001));
#3283=CARTESIAN_POINT('',(-29.25,0.,6.30000000000001));
#3284=CARTESIAN_POINT('',(-26.45,0.,6.30000000000001));
#3285=CARTESIAN_POINT('',(-29.25,-1.5,6.30000000000001));
#3286=CARTESIAN_POINT('',(-29.25,-1.5,6.30000000000001));
#3287=CARTESIAN_POINT('',(-26.45,-1.5,6.30000000000001));
#3288=CARTESIAN_POINT('Origin',(-29.25,-1.5,6.30000000000001));
#3289=CARTESIAN_POINT('',(-29.25,0.,3.));
#3290=CARTESIAN_POINT('',(-29.25,0.,6.30000000000001));
#3291=CARTESIAN_POINT('',(-29.25,-1.5,3.));
#3292=CARTESIAN_POINT('',(-29.25,-1.5,3.));
#3293=CARTESIAN_POINT('',(-29.25,-1.5,6.30000000000001));
#3294=CARTESIAN_POINT('Origin',(-29.25,-1.5,3.));
#3295=CARTESIAN_POINT('',(-29.25,0.,3.));
#3296=CARTESIAN_POINT('',(-29.25,-1.5,3.));
#3297=CARTESIAN_POINT('Origin',(0.,-1.5,0.));
#3298=CARTESIAN_POINT('Origin',(0.,0.,0.));
#3299=CARTESIAN_POINT('Origin',(-21.2928571428571,-1.5,3.));
#3300=CARTESIAN_POINT('',(-21.2928571428571,0.,3.));
#3301=CARTESIAN_POINT('',(-18.4928571428571,0.,3.));
#3302=CARTESIAN_POINT('',(-21.2928571428571,0.,3.));
#3303=CARTESIAN_POINT('',(-18.4928571428571,-1.5,3.));
#3304=CARTESIAN_POINT('',(-18.4928571428571,-1.5,3.));
#3305=CARTESIAN_POINT('',(-21.2928571428571,-1.5,3.));
#3306=CARTESIAN_POINT('',(-21.2928571428571,-1.5,3.));
#3307=CARTESIAN_POINT('',(-21.2928571428571,-1.5,3.));
#3308=CARTESIAN_POINT('Origin',(-18.4928571428571,-1.5,6.30000000000001));
#3309=CARTESIAN_POINT('',(-18.4928571428571,0.,6.30000000000001));
#3310=CARTESIAN_POINT('',(-18.4928571428571,0.,3.));
#3311=CARTESIAN_POINT('',(-18.4928571428571,-1.5,6.30000000000001));
#3312=CARTESIAN_POINT('',(-18.4928571428571,-1.5,6.30000000000001));
#3313=CARTESIAN_POINT('',(-18.4928571428571,-1.5,3.));
#3314=CARTESIAN_POINT('Origin',(-21.2928571428571,-1.5,6.30000000000001));
#3315=CARTESIAN_POINT('',(-21.2928571428571,0.,6.30000000000001));
#3316=CARTESIAN_POINT('',(-18.4928571428571,0.,6.30000000000001));
#3317=CARTESIAN_POINT('',(-21.2928571428571,-1.5,6.30000000000001));
#3318=CARTESIAN_POINT('',(-21.2928571428571,-1.5,6.30000000000001));
#3319=CARTESIAN_POINT('',(-18.4928571428571,-1.5,6.30000000000001));
#3320=CARTESIAN_POINT('Origin',(-21.2928571428571,-1.5,6.30000000000001));
#3321=CARTESIAN_POINT('',(-21.2928571428571,0.,6.30000000000001));
#3322=CARTESIAN_POINT('',(-21.2928571428571,-1.5,6.30000000000001));
#3323=CARTESIAN_POINT('Origin',(0.,-1.5,0.));
#3324=CARTESIAN_POINT('Origin',(0.,0.,0.));
#3325=CARTESIAN_POINT('Origin',(-13.3357142857143,-1.5,3.));
#3326=CARTESIAN_POINT('',(-13.3357142857143,0.,3.));
#3327=CARTESIAN_POINT('',(-10.5357142857143,0.,3.));
#3328=CARTESIAN_POINT('',(-13.3357142857143,0.,3.));
#3329=CARTESIAN_POINT('',(-10.5357142857143,-1.5,3.));
#3330=CARTESIAN_POINT('',(-10.5357142857143,-1.5,3.));
#3331=CARTESIAN_POINT('',(-13.3357142857143,-1.5,3.));
#3332=CARTESIAN_POINT('',(-13.3357142857143,-1.5,3.));
#3333=CARTESIAN_POINT('',(-13.3357142857143,-1.5,3.));
#3334=CARTESIAN_POINT('Origin',(-10.5357142857143,-1.5,6.30000000000001));
#3335=CARTESIAN_POINT('',(-10.5357142857143,0.,6.30000000000001));
#3336=CARTESIAN_POINT('',(-10.5357142857143,0.,3.));
#3337=CARTESIAN_POINT('',(-10.5357142857143,-1.5,6.30000000000001));
#3338=CARTESIAN_POINT('',(-10.5357142857143,-1.5,6.30000000000001));
#3339=CARTESIAN_POINT('',(-10.5357142857143,-1.5,3.));
#3340=CARTESIAN_POINT('Origin',(-13.3357142857143,-1.5,6.30000000000001));
#3341=CARTESIAN_POINT('',(-13.3357142857143,0.,6.30000000000001));
#3342=CARTESIAN_POINT('',(-10.5357142857143,0.,6.30000000000001));
#3343=CARTESIAN_POINT('',(-13.3357142857143,-1.5,6.30000000000001));
#3344=CARTESIAN_POINT('',(-13.3357142857143,-1.5,6.30000000000001));
#3345=CARTESIAN_POINT('',(-10.5357142857143,-1.5,6.30000000000001));
#3346=CARTESIAN_POINT('Origin',(-13.3357142857143,-1.5,6.30000000000001));
#3347=CARTESIAN_POINT('',(-13.3357142857143,0.,6.30000000000001));
#3348=CARTESIAN_POINT('',(-13.3357142857143,-1.5,6.30000000000001));
#3349=CARTESIAN_POINT('Origin',(0.,-1.5,0.));
#3350=CARTESIAN_POINT('Origin',(0.,0.,0.));
#3351=CARTESIAN_POINT('Origin',(-5.37857142857143,-1.5,3.));
#3352=CARTESIAN_POINT('',(-5.37857142857143,0.,3.));
#3353=CARTESIAN_POINT('',(-2.57857142857143,0.,3.));
#3354=CARTESIAN_POINT('',(-5.37857142857143,0.,3.));
#3355=CARTESIAN_POINT('',(-2.57857142857143,-1.5,3.));
#3356=CARTESIAN_POINT('',(-2.57857142857143,-1.5,3.));
#3357=CARTESIAN_POINT('',(-5.37857142857143,-1.5,3.));
#3358=CARTESIAN_POINT('',(-5.37857142857143,-1.5,3.));
#3359=CARTESIAN_POINT('',(-5.37857142857143,-1.5,3.));
#3360=CARTESIAN_POINT('Origin',(-2.57857142857143,-1.5,6.30000000000001));
#3361=CARTESIAN_POINT('',(-2.57857142857143,0.,6.30000000000001));
#3362=CARTESIAN_POINT('',(-2.57857142857143,0.,3.));
#3363=CARTESIAN_POINT('',(-2.57857142857143,-1.5,6.30000000000001));
#3364=CARTESIAN_POINT('',(-2.57857142857143,-1.5,6.30000000000001));
#3365=CARTESIAN_POINT('',(-2.57857142857143,-1.5,3.));
#3366=CARTESIAN_POINT('Origin',(-5.37857142857143,-1.5,6.30000000000001));
#3367=CARTESIAN_POINT('',(-5.37857142857143,0.,6.30000000000001));
#3368=CARTESIAN_POINT('',(-2.57857142857143,0.,6.30000000000001));
#3369=CARTESIAN_POINT('',(-5.37857142857143,-1.5,6.30000000000001));
#3370=CARTESIAN_POINT('',(-5.37857142857143,-1.5,6.30000000000001));
#3371=CARTESIAN_POINT('',(-2.57857142857143,-1.5,6.30000000000001));
#3372=CARTESIAN_POINT('Origin',(-5.37857142857143,-1.5,6.30000000000001));
#3373=CARTESIAN_POINT('',(-5.37857142857143,0.,6.30000000000001));
#3374=CARTESIAN_POINT('',(-5.37857142857143,-1.5,6.30000000000001));
#3375=CARTESIAN_POINT('Origin',(0.,-1.5,0.));
#3376=CARTESIAN_POINT('Origin',(0.,0.,0.));
#3377=CARTESIAN_POINT('Origin',(2.57857142857143,-1.5,3.));
#3378=CARTESIAN_POINT('',(2.57857142857143,0.,3.));
#3379=CARTESIAN_POINT('',(5.37857142857143,0.,3.));
#3380=CARTESIAN_POINT('',(2.57857142857143,0.,3.));
#3381=CARTESIAN_POINT('',(5.37857142857143,-1.5,3.));
#3382=CARTESIAN_POINT('',(5.37857142857143,-1.5,3.));
#3383=CARTESIAN_POINT('',(2.57857142857143,-1.5,3.));
#3384=CARTESIAN_POINT('',(2.57857142857143,-1.5,3.));
#3385=CARTESIAN_POINT('',(2.57857142857143,-1.5,3.));
#3386=CARTESIAN_POINT('Origin',(5.37857142857143,-1.5,6.30000000000001));
#3387=CARTESIAN_POINT('',(5.37857142857143,0.,6.30000000000001));
#3388=CARTESIAN_POINT('',(5.37857142857143,0.,3.));
#3389=CARTESIAN_POINT('',(5.37857142857143,-1.5,6.30000000000001));
#3390=CARTESIAN_POINT('',(5.37857142857143,-1.5,6.30000000000001));
#3391=CARTESIAN_POINT('',(5.37857142857143,-1.5,3.));
#3392=CARTESIAN_POINT('Origin',(2.57857142857143,-1.5,6.30000000000001));
#3393=CARTESIAN_POINT('',(2.57857142857143,0.,6.30000000000001));
#3394=CARTESIAN_POINT('',(5.37857142857143,0.,6.30000000000001));
#3395=CARTESIAN_POINT('',(2.57857142857143,-1.5,6.30000000000001));
#3396=CARTESIAN_POINT('',(2.57857142857143,-1.5,6.30000000000001));
#3397=CARTESIAN_POINT('',(5.37857142857143,-1.5,6.30000000000001));
#3398=CARTESIAN_POINT('Origin',(2.57857142857143,-1.5,6.30000000000001));
#3399=CARTESIAN_POINT('',(2.57857142857143,0.,6.30000000000001));
#3400=CARTESIAN_POINT('',(2.57857142857143,-1.5,6.30000000000001));
#3401=CARTESIAN_POINT('Origin',(0.,-1.5,0.));
#3402=CARTESIAN_POINT('Origin',(0.,0.,0.));
#3403=CARTESIAN_POINT('Origin',(10.5357142857143,-1.5,3.));
#3404=CARTESIAN_POINT('',(10.5357142857143,0.,3.));
#3405=CARTESIAN_POINT('',(13.3357142857143,0.,3.));
#3406=CARTESIAN_POINT('',(10.5357142857143,0.,3.));
#3407=CARTESIAN_POINT('',(13.3357142857143,-1.5,3.));
#3408=CARTESIAN_POINT('',(13.3357142857143,-1.5,3.));
#3409=CARTESIAN_POINT('',(10.5357142857143,-1.5,3.));
#3410=CARTESIAN_POINT('',(10.5357142857143,-1.5,3.));
#3411=CARTESIAN_POINT('',(10.5357142857143,-1.5,3.));
#3412=CARTESIAN_POINT('Origin',(13.3357142857143,-1.5,6.30000000000001));
#3413=CARTESIAN_POINT('',(13.3357142857143,0.,6.30000000000001));
#3414=CARTESIAN_POINT('',(13.3357142857143,0.,3.));
#3415=CARTESIAN_POINT('',(13.3357142857143,-1.5,6.30000000000001));
#3416=CARTESIAN_POINT('',(13.3357142857143,-1.5,6.30000000000001));
#3417=CARTESIAN_POINT('',(13.3357142857143,-1.5,3.));
#3418=CARTESIAN_POINT('Origin',(10.5357142857143,-1.5,6.30000000000001));
#3419=CARTESIAN_POINT('',(10.5357142857143,0.,6.30000000000001));
#3420=CARTESIAN_POINT('',(13.3357142857143,0.,6.30000000000001));
#3421=CARTESIAN_POINT('',(10.5357142857143,-1.5,6.30000000000001));
#3422=CARTESIAN_POINT('',(10.5357142857143,-1.5,6.30000000000001));
#3423=CARTESIAN_POINT('',(13.3357142857143,-1.5,6.30000000000001));
#3424=CARTESIAN_POINT('Origin',(10.5357142857143,-1.5,6.30000000000001));
#3425=CARTESIAN_POINT('',(10.5357142857143,0.,6.30000000000001));
#3426=CARTESIAN_POINT('',(10.5357142857143,-1.5,6.30000000000001));
#3427=CARTESIAN_POINT('Origin',(0.,-1.5,0.));
#3428=CARTESIAN_POINT('Origin',(0.,0.,0.));
#3429=CARTESIAN_POINT('Origin',(18.4928571428571,-1.5,3.));
#3430=CARTESIAN_POINT('',(18.4928571428571,0.,3.));
#3431=CARTESIAN_POINT('',(21.2928571428571,0.,3.));
#3432=CARTESIAN_POINT('',(18.4928571428571,0.,3.));
#3433=CARTESIAN_POINT('',(21.2928571428571,-1.5,3.));
#3434=CARTESIAN_POINT('',(21.2928571428571,-1.5,3.));
#3435=CARTESIAN_POINT('',(18.4928571428571,-1.5,3.));
#3436=CARTESIAN_POINT('',(18.4928571428571,-1.5,3.));
#3437=CARTESIAN_POINT('',(18.4928571428571,-1.5,3.));
#3438=CARTESIAN_POINT('Origin',(21.2928571428571,-1.5,6.30000000000001));
#3439=CARTESIAN_POINT('',(21.2928571428571,0.,6.30000000000001));
#3440=CARTESIAN_POINT('',(21.2928571428571,0.,3.));
#3441=CARTESIAN_POINT('',(21.2928571428571,-1.5,6.30000000000001));
#3442=CARTESIAN_POINT('',(21.2928571428571,-1.5,6.30000000000001));
#3443=CARTESIAN_POINT('',(21.2928571428571,-1.5,3.));
#3444=CARTESIAN_POINT('Origin',(18.4928571428571,-1.5,6.30000000000001));
#3445=CARTESIAN_POINT('',(18.4928571428571,0.,6.30000000000001));
#3446=CARTESIAN_POINT('',(21.2928571428571,0.,6.30000000000001));
#3447=CARTESIAN_POINT('',(18.4928571428571,-1.5,6.30000000000001));
#3448=CARTESIAN_POINT('',(18.4928571428571,-1.5,6.30000000000001));
#3449=CARTESIAN_POINT('',(21.2928571428571,-1.5,6.30000000000001));
#3450=CARTESIAN_POINT('Origin',(18.4928571428571,-1.5,6.30000000000001));
#3451=CARTESIAN_POINT('',(18.4928571428571,0.,6.30000000000001));
#3452=CARTESIAN_POINT('',(18.4928571428571,-1.5,6.30000000000001));
#3453=CARTESIAN_POINT('Origin',(0.,-1.5,0.));
#3454=CARTESIAN_POINT('Origin',(0.,0.,0.));
#3455=CARTESIAN_POINT('Origin',(0.,5.,-5.45999999999992));
#3456=CARTESIAN_POINT('',(-13.72,1.5,-5.45999999999992));
#3457=CARTESIAN_POINT('',(-11.68,1.5,-5.45999999999992));
#3458=CARTESIAN_POINT('',(-13.72,1.5,-5.45999999999992));
#3459=CARTESIAN_POINT('',(-11.68,5.,-5.45999999999992));
#3460=CARTESIAN_POINT('',(-11.68,5.,-5.45999999999992));
#3461=CARTESIAN_POINT('',(-13.72,5.,-5.45999999999992));
#3462=CARTESIAN_POINT('',(-13.72,5.,-5.45999999999992));
#3463=CARTESIAN_POINT('',(-13.72,5.,-5.45999999999992));
#3464=CARTESIAN_POINT('Origin',(-11.68,5.,-5.70999999999992));
#3465=CARTESIAN_POINT('',(-11.43,1.5,-5.70999999999994));
#3466=CARTESIAN_POINT('Origin',(-11.68,1.5,-5.70999999999992));
#3467=CARTESIAN_POINT('',(-11.43,5.,-5.70999999999994));
#3468=CARTESIAN_POINT('',(-11.43,5.,-5.70999999999994));
#3469=CARTESIAN_POINT('Origin',(-11.68,5.,-5.70999999999992));
#3470=CARTESIAN_POINT('Origin',(-11.18,5.,-5.70999999999994));
#3471=CARTESIAN_POINT('',(-11.18,1.5,-5.45999999999994));
#3472=CARTESIAN_POINT('Origin',(-11.18,1.5,-5.70999999999994));
#3473=CARTESIAN_POINT('',(-11.18,5.,-5.45999999999994));
#3474=CARTESIAN_POINT('',(-11.18,5.,-5.45999999999994));
#3475=CARTESIAN_POINT('Origin',(-11.18,5.,-5.70999999999994));
#3476=CARTESIAN_POINT('Origin',(0.,5.,-5.45999999999994));
#3477=CARTESIAN_POINT('',(-9.13999999999996,1.5,-5.45999999999994));
#3478=CARTESIAN_POINT('',(-11.18,1.5,-5.45999999999994));
#3479=CARTESIAN_POINT('',(-9.13999999999996,5.,-5.45999999999994));
#3480=CARTESIAN_POINT('',(-9.13999999999996,5.,-5.45999999999994));
#3481=CARTESIAN_POINT('',(-11.18,5.,-5.45999999999994));
#3482=CARTESIAN_POINT('Origin',(-9.13999999999996,5.,-5.70999999999994));
#3483=CARTESIAN_POINT('',(-8.88999999999996,1.5,-5.70999999999995));
#3484=CARTESIAN_POINT('Origin',(-9.13999999999996,1.5,-5.70999999999994));
#3485=CARTESIAN_POINT('',(-8.88999999999996,5.,-5.70999999999995));
#3486=CARTESIAN_POINT('',(-8.88999999999996,5.,-5.70999999999995));
#3487=CARTESIAN_POINT('Origin',(-9.13999999999996,5.,-5.70999999999994));
#3488=CARTESIAN_POINT('Origin',(-8.63999999999997,5.,-5.70999999999995));
#3489=CARTESIAN_POINT('',(-8.63999999999997,1.5,-5.45999999999995));
#3490=CARTESIAN_POINT('Origin',(-8.63999999999997,1.5,-5.70999999999995));
#3491=CARTESIAN_POINT('',(-8.63999999999997,5.,-5.45999999999995));
#3492=CARTESIAN_POINT('',(-8.63999999999997,5.,-5.45999999999995));
#3493=CARTESIAN_POINT('Origin',(-8.63999999999997,5.,-5.70999999999995));
#3494=CARTESIAN_POINT('Origin',(0.,5.,-5.45999999999995));
#3495=CARTESIAN_POINT('',(-6.59999999999996,1.5,-5.45999999999995));
#3496=CARTESIAN_POINT('',(-8.63999999999997,1.5,-5.45999999999995));
#3497=CARTESIAN_POINT('',(-6.59999999999996,5.,-5.45999999999995));
#3498=CARTESIAN_POINT('',(-6.59999999999996,5.,-5.45999999999995));
#3499=CARTESIAN_POINT('',(-8.63999999999997,5.,-5.45999999999995));
#3500=CARTESIAN_POINT('Origin',(-6.59999999999996,5.,-5.70999999999995));
#3501=CARTESIAN_POINT('',(-6.34999999999996,1.5,-5.70999999999997));
#3502=CARTESIAN_POINT('Origin',(-6.59999999999996,1.5,-5.70999999999995));
#3503=CARTESIAN_POINT('',(-6.34999999999996,5.,-5.70999999999997));
#3504=CARTESIAN_POINT('',(-6.34999999999996,5.,-5.70999999999997));
#3505=CARTESIAN_POINT('Origin',(-6.59999999999996,5.,-5.70999999999995));
#3506=CARTESIAN_POINT('Origin',(-6.09999999999996,5.,-5.70999999999997));
#3507=CARTESIAN_POINT('',(-6.09999999999996,1.5,-5.45999999999997));
#3508=CARTESIAN_POINT('Origin',(-6.09999999999996,1.5,-5.70999999999997));
#3509=CARTESIAN_POINT('',(-6.09999999999996,5.,-5.45999999999997));
#3510=CARTESIAN_POINT('',(-6.09999999999996,5.,-5.45999999999997));
#3511=CARTESIAN_POINT('Origin',(-6.09999999999996,5.,-5.70999999999997));
#3512=CARTESIAN_POINT('Origin',(0.,5.,-5.45999999999997));
#3513=CARTESIAN_POINT('',(-4.05999999999996,1.5,-5.45999999999997));
#3514=CARTESIAN_POINT('',(-6.09999999999996,1.5,-5.45999999999997));
#3515=CARTESIAN_POINT('',(-4.05999999999996,5.,-5.45999999999997));
#3516=CARTESIAN_POINT('',(-4.05999999999996,5.,-5.45999999999997));
#3517=CARTESIAN_POINT('',(-6.09999999999996,5.,-5.45999999999997));
#3518=CARTESIAN_POINT('Origin',(-4.05999999999996,5.,-5.70999999999997));
#3519=CARTESIAN_POINT('',(-3.80999999999996,1.5,-5.70999999999999));
#3520=CARTESIAN_POINT('Origin',(-4.05999999999996,1.5,-5.70999999999997));
#3521=CARTESIAN_POINT('',(-3.80999999999996,5.,-5.70999999999999));
#3522=CARTESIAN_POINT('',(-3.80999999999996,5.,-5.70999999999999));
#3523=CARTESIAN_POINT('Origin',(-4.05999999999996,5.,-5.70999999999997));
#3524=CARTESIAN_POINT('Origin',(-3.55999999999996,5.,-5.70999999999999));
#3525=CARTESIAN_POINT('',(-3.55999999999996,1.5,-5.45999999999999));
#3526=CARTESIAN_POINT('Origin',(-3.55999999999996,1.5,-5.70999999999999));
#3527=CARTESIAN_POINT('',(-3.55999999999996,5.,-5.45999999999999));
#3528=CARTESIAN_POINT('',(-3.55999999999996,5.,-5.45999999999999));
#3529=CARTESIAN_POINT('Origin',(-3.55999999999996,5.,-5.70999999999999));
#3530=CARTESIAN_POINT('Origin',(0.,5.,-5.45999999999999));
#3531=CARTESIAN_POINT('',(-1.51999999999996,1.5,-5.45999999999999));
#3532=CARTESIAN_POINT('',(-3.55999999999996,1.5,-5.45999999999999));
#3533=CARTESIAN_POINT('',(-1.51999999999996,5.,-5.45999999999999));
#3534=CARTESIAN_POINT('',(-1.51999999999996,5.,-5.45999999999999));
#3535=CARTESIAN_POINT('',(-3.55999999999996,5.,-5.45999999999999));
#3536=CARTESIAN_POINT('Origin',(-1.51999999999996,5.,-5.70999999999999));
#3537=CARTESIAN_POINT('',(-1.27,1.5,-5.71));
#3538=CARTESIAN_POINT('Origin',(-1.51999999999996,1.5,-5.70999999999999));
#3539=CARTESIAN_POINT('',(-1.27,5.,-5.71));
#3540=CARTESIAN_POINT('',(-1.27,5.,-5.71));
#3541=CARTESIAN_POINT('Origin',(-1.51999999999996,5.,-5.70999999999999));
#3542=CARTESIAN_POINT('Origin',(-1.02,5.,-5.71));
#3543=CARTESIAN_POINT('',(-1.02,1.5,-5.46));
#3544=CARTESIAN_POINT('Origin',(-1.02,1.5,-5.71));
#3545=CARTESIAN_POINT('',(-1.02,5.,-5.46));
#3546=CARTESIAN_POINT('',(-1.02,5.,-5.46));
#3547=CARTESIAN_POINT('Origin',(-1.02,5.,-5.71));
#3548=CARTESIAN_POINT('Origin',(0.,5.,-5.46));
#3549=CARTESIAN_POINT('',(1.02,1.5,-5.46));
#3550=CARTESIAN_POINT('',(-1.02,1.5,-5.46));
#3551=CARTESIAN_POINT('',(1.02,5.,-5.46));
#3552=CARTESIAN_POINT('',(1.02,5.,-5.46));
#3553=CARTESIAN_POINT('',(-1.02,5.,-5.46));
#3554=CARTESIAN_POINT('Origin',(1.02,5.,-5.71));
#3555=CARTESIAN_POINT('',(1.27,1.5,-5.71));
#3556=CARTESIAN_POINT('Origin',(1.02,1.5,-5.71));
#3557=CARTESIAN_POINT('',(1.27,5.,-5.71));
#3558=CARTESIAN_POINT('',(1.27,5.,-5.71));
#3559=CARTESIAN_POINT('Origin',(1.02,5.,-5.71));
#3560=CARTESIAN_POINT('Origin',(1.51999999999989,5.,-5.71000000000002));
#3561=CARTESIAN_POINT('',(1.51999999999989,1.5,-5.46000000000002));
#3562=CARTESIAN_POINT('Origin',(1.51999999999989,1.5,-5.71000000000002));
#3563=CARTESIAN_POINT('',(1.51999999999989,5.,-5.46000000000002));
#3564=CARTESIAN_POINT('',(1.51999999999989,5.,-5.46000000000002));
#3565=CARTESIAN_POINT('Origin',(1.51999999999989,5.,-5.71000000000002));
#3566=CARTESIAN_POINT('Origin',(0.,5.,-5.46000000000002));
#3567=CARTESIAN_POINT('',(3.55999999999989,1.5,-5.46000000000002));
#3568=CARTESIAN_POINT('',(1.51999999999989,1.5,-5.46000000000002));
#3569=CARTESIAN_POINT('',(3.55999999999989,5.,-5.46000000000002));
#3570=CARTESIAN_POINT('',(3.55999999999989,5.,-5.46000000000002));
#3571=CARTESIAN_POINT('',(1.51999999999989,5.,-5.46000000000002));
#3572=CARTESIAN_POINT('Origin',(3.55999999999989,5.,-5.71000000000002));
#3573=CARTESIAN_POINT('',(3.80999999999989,1.5,-5.71000000000002));
#3574=CARTESIAN_POINT('Origin',(3.55999999999989,1.5,-5.71000000000002));
#3575=CARTESIAN_POINT('',(3.80999999999989,5.,-5.71000000000002));
#3576=CARTESIAN_POINT('',(3.80999999999989,5.,-5.71000000000002));
#3577=CARTESIAN_POINT('Origin',(3.55999999999989,5.,-5.71000000000002));
#3578=CARTESIAN_POINT('Origin',(4.05999999999989,5.,-5.71000000000005));
#3579=CARTESIAN_POINT('',(4.05999999999989,1.5,-5.46000000000005));
#3580=CARTESIAN_POINT('Origin',(4.05999999999989,1.5,-5.71000000000005));
#3581=CARTESIAN_POINT('',(4.05999999999989,5.,-5.46000000000005));
#3582=CARTESIAN_POINT('',(4.05999999999989,5.,-5.46000000000005));
#3583=CARTESIAN_POINT('Origin',(4.05999999999989,5.,-5.71000000000005));
#3584=CARTESIAN_POINT('Origin',(0.,5.,-5.46000000000005));
#3585=CARTESIAN_POINT('',(6.09999999999989,1.5,-5.46000000000005));
#3586=CARTESIAN_POINT('',(4.05999999999989,1.5,-5.46000000000005));
#3587=CARTESIAN_POINT('',(6.09999999999989,5.,-5.46000000000005));
#3588=CARTESIAN_POINT('',(6.09999999999989,5.,-5.46000000000005));
#3589=CARTESIAN_POINT('',(4.05999999999989,5.,-5.46000000000005));
#3590=CARTESIAN_POINT('Origin',(6.09999999999989,5.,-5.71000000000005));
#3591=CARTESIAN_POINT('',(6.34999999999989,1.5,-5.71000000000005));
#3592=CARTESIAN_POINT('Origin',(6.09999999999989,1.5,-5.71000000000005));
#3593=CARTESIAN_POINT('',(6.34999999999989,5.,-5.71000000000005));
#3594=CARTESIAN_POINT('',(6.34999999999989,5.,-5.71000000000005));
#3595=CARTESIAN_POINT('Origin',(6.09999999999989,5.,-5.71000000000005));
#3596=CARTESIAN_POINT('Origin',(6.59999999999989,5.,-5.71000000000009));
#3597=CARTESIAN_POINT('',(6.59999999999989,1.5,-5.46000000000009));
#3598=CARTESIAN_POINT('Origin',(6.59999999999989,1.5,-5.71000000000009));
#3599=CARTESIAN_POINT('',(6.59999999999989,5.,-5.46000000000009));
#3600=CARTESIAN_POINT('',(6.59999999999989,5.,-5.46000000000009));
#3601=CARTESIAN_POINT('Origin',(6.59999999999989,5.,-5.71000000000009));
#3602=CARTESIAN_POINT('Origin',(0.,5.,-5.46000000000009));
#3603=CARTESIAN_POINT('',(8.63999999999989,1.5,-5.46000000000009));
#3604=CARTESIAN_POINT('',(6.59999999999989,1.5,-5.46000000000009));
#3605=CARTESIAN_POINT('',(8.63999999999989,5.,-5.46000000000009));
#3606=CARTESIAN_POINT('',(8.63999999999989,5.,-5.46000000000009));
#3607=CARTESIAN_POINT('',(6.59999999999989,5.,-5.46000000000009));
#3608=CARTESIAN_POINT('Origin',(8.63999999999989,5.,-5.71000000000009));
#3609=CARTESIAN_POINT('',(8.88999999999989,1.5,-5.71000000000009));
#3610=CARTESIAN_POINT('Origin',(8.63999999999989,1.5,-5.71000000000009));
#3611=CARTESIAN_POINT('',(8.88999999999989,5.,-5.71000000000009));
#3612=CARTESIAN_POINT('',(8.88999999999989,5.,-5.71000000000009));
#3613=CARTESIAN_POINT('Origin',(8.63999999999989,5.,-5.71000000000009));
#3614=CARTESIAN_POINT('Origin',(9.13999999999989,5.,-5.71000000000013));
#3615=CARTESIAN_POINT('',(9.13999999999989,1.5,-5.46000000000013));
#3616=CARTESIAN_POINT('Origin',(9.13999999999989,1.5,-5.71000000000013));
#3617=CARTESIAN_POINT('',(9.13999999999989,5.,-5.46000000000013));
#3618=CARTESIAN_POINT('',(9.13999999999989,5.,-5.46000000000013));
#3619=CARTESIAN_POINT('Origin',(9.13999999999989,5.,-5.71000000000013));
#3620=CARTESIAN_POINT('Origin',(0.,5.,-5.46000000000013));
#3621=CARTESIAN_POINT('',(11.1799999999999,1.5,-5.46000000000013));
#3622=CARTESIAN_POINT('',(9.13999999999989,1.5,-5.46000000000013));
#3623=CARTESIAN_POINT('',(11.1799999999999,5.,-5.46000000000013));
#3624=CARTESIAN_POINT('',(11.1799999999999,5.,-5.46000000000013));
#3625=CARTESIAN_POINT('',(9.13999999999989,5.,-5.46000000000013));
#3626=CARTESIAN_POINT('Origin',(11.1799999999999,5.,-5.71000000000013));
#3627=CARTESIAN_POINT('',(11.4299999999999,1.5,-5.71000000000013));
#3628=CARTESIAN_POINT('Origin',(11.1799999999999,1.5,-5.71000000000013));
#3629=CARTESIAN_POINT('',(11.4299999999999,5.,-5.71000000000013));
#3630=CARTESIAN_POINT('',(11.4299999999999,5.,-5.71000000000013));
#3631=CARTESIAN_POINT('Origin',(11.1799999999999,5.,-5.71000000000013));
#3632=CARTESIAN_POINT('Origin',(11.6799999999999,5.,-5.71000000000016));
#3633=CARTESIAN_POINT('',(11.6799999999999,1.5,-5.46000000000016));
#3634=CARTESIAN_POINT('Origin',(11.6799999999999,1.5,-5.71000000000016));
#3635=CARTESIAN_POINT('',(11.6799999999999,5.,-5.46000000000016));
#3636=CARTESIAN_POINT('',(11.6799999999999,5.,-5.46000000000016));
#3637=CARTESIAN_POINT('Origin',(11.6799999999999,5.,-5.71000000000016));
#3638=CARTESIAN_POINT('Origin',(0.,5.,-5.46000000000016));
#3639=CARTESIAN_POINT('',(13.7199999999999,1.5,-5.46000000000016));
#3640=CARTESIAN_POINT('',(11.6799999999999,1.5,-5.46000000000016));
#3641=CARTESIAN_POINT('',(13.7199999999999,5.,-5.46000000000016));
#3642=CARTESIAN_POINT('',(13.7199999999999,5.,-5.46000000000016));
#3643=CARTESIAN_POINT('',(11.6799999999999,5.,-5.46000000000016));
#3644=CARTESIAN_POINT('Origin',(13.7199999999999,5.,-5.71000000000016));
#3645=CARTESIAN_POINT('',(13.9699999999999,1.5,-5.71000000000016));
#3646=CARTESIAN_POINT('Origin',(13.7199999999999,1.5,-5.71000000000016));
#3647=CARTESIAN_POINT('',(13.9699999999999,5.,-5.71000000000016));
#3648=CARTESIAN_POINT('',(13.9699999999999,5.,-5.71000000000016));
#3649=CARTESIAN_POINT('Origin',(13.7199999999999,5.,-5.71000000000016));
#3650=CARTESIAN_POINT('Origin',(13.9699999999999,5.,0.));
#3651=CARTESIAN_POINT('',(13.9699999999999,1.5,-7.75000000000018));
#3652=CARTESIAN_POINT('',(13.9699999999999,1.5,-7.75000000000018));
#3653=CARTESIAN_POINT('',(13.9699999999999,5.,-7.75000000000018));
#3654=CARTESIAN_POINT('',(13.9699999999999,5.,-7.75000000000018));
#3655=CARTESIAN_POINT('',(13.9699999999999,5.,-7.75000000000018));
#3656=CARTESIAN_POINT('Origin',(13.7199999999999,5.,-7.75000000000018));
#3657=CARTESIAN_POINT('',(13.7199999999999,1.5,-8.));
#3658=CARTESIAN_POINT('Origin',(13.7199999999999,1.5,-7.75000000000018));
#3659=CARTESIAN_POINT('',(13.7199999999999,5.,-8.));
#3660=CARTESIAN_POINT('',(13.7199999999999,5.,-8.));
#3661=CARTESIAN_POINT('Origin',(13.7199999999999,5.,-7.75000000000018));
#3662=CARTESIAN_POINT('Origin',(0.,5.,-8.));
#3663=CARTESIAN_POINT('',(11.6799999999999,1.5,-8.));
#3664=CARTESIAN_POINT('',(13.7199999999999,1.5,-8.));
#3665=CARTESIAN_POINT('',(11.6799999999999,5.,-8.));
#3666=CARTESIAN_POINT('',(11.6799999999999,5.,-8.));
#3667=CARTESIAN_POINT('',(13.7199999999999,5.,-8.));
#3668=CARTESIAN_POINT('Origin',(11.6799999999999,5.,-7.75000000000018));
#3669=CARTESIAN_POINT('',(11.4299999999999,1.5,-7.75000000000014));
#3670=CARTESIAN_POINT('Origin',(11.6799999999999,1.5,-7.75000000000018));
#3671=CARTESIAN_POINT('',(11.4299999999999,5.,-7.75000000000014));
#3672=CARTESIAN_POINT('',(11.4299999999999,5.,-7.75000000000014));
#3673=CARTESIAN_POINT('Origin',(11.6799999999999,5.,-7.75000000000018));
#3674=CARTESIAN_POINT('Origin',(11.1799999999999,5.,-7.75000000000014));
#3675=CARTESIAN_POINT('',(11.1799999999999,1.5,-8.));
#3676=CARTESIAN_POINT('Origin',(11.1799999999999,1.5,-7.75000000000014));
#3677=CARTESIAN_POINT('',(11.1799999999999,5.,-8.));
#3678=CARTESIAN_POINT('',(11.1799999999999,5.,-8.));
#3679=CARTESIAN_POINT('Origin',(11.1799999999999,5.,-7.75000000000014));
#3680=CARTESIAN_POINT('Origin',(0.,5.,-8.));
#3681=CARTESIAN_POINT('',(9.13999999999989,1.5,-8.));
#3682=CARTESIAN_POINT('',(11.1799999999999,1.5,-8.));
#3683=CARTESIAN_POINT('',(9.13999999999989,5.,-8.));
#3684=CARTESIAN_POINT('',(9.13999999999989,5.,-8.));
#3685=CARTESIAN_POINT('',(11.1799999999999,5.,-8.));
#3686=CARTESIAN_POINT('Origin',(9.13999999999989,5.,-7.75000000000014));
#3687=CARTESIAN_POINT('',(8.88999999999989,1.5,-7.75000000000011));
#3688=CARTESIAN_POINT('Origin',(9.13999999999989,1.5,-7.75000000000014));
#3689=CARTESIAN_POINT('',(8.88999999999989,5.,-7.75000000000011));
#3690=CARTESIAN_POINT('',(8.88999999999989,5.,-7.75000000000011));
#3691=CARTESIAN_POINT('Origin',(9.13999999999989,5.,-7.75000000000014));
#3692=CARTESIAN_POINT('Origin',(8.63999999999989,5.,-7.75000000000011));
#3693=CARTESIAN_POINT('',(8.63999999999989,1.5,-8.));
#3694=CARTESIAN_POINT('Origin',(8.63999999999989,1.5,-7.75000000000011));
#3695=CARTESIAN_POINT('',(8.63999999999989,5.,-8.));
#3696=CARTESIAN_POINT('',(8.63999999999989,5.,-8.));
#3697=CARTESIAN_POINT('Origin',(8.63999999999989,5.,-7.75000000000011));
#3698=CARTESIAN_POINT('Origin',(0.,5.,-8.));
#3699=CARTESIAN_POINT('',(6.59999999999989,1.5,-8.));
#3700=CARTESIAN_POINT('',(8.63999999999989,1.5,-8.));
#3701=CARTESIAN_POINT('',(6.59999999999989,5.,-8.));
#3702=CARTESIAN_POINT('',(6.59999999999989,5.,-8.));
#3703=CARTESIAN_POINT('',(8.63999999999989,5.,-8.));
#3704=CARTESIAN_POINT('Origin',(6.59999999999989,5.,-7.75000000000011));
#3705=CARTESIAN_POINT('',(6.34999999999989,1.5,-7.75000000000007));
#3706=CARTESIAN_POINT('Origin',(6.59999999999989,1.5,-7.75000000000011));
#3707=CARTESIAN_POINT('',(6.34999999999989,5.,-7.75000000000007));
#3708=CARTESIAN_POINT('',(6.34999999999989,5.,-7.75000000000007));
#3709=CARTESIAN_POINT('Origin',(6.59999999999989,5.,-7.75000000000011));
#3710=CARTESIAN_POINT('Origin',(6.09999999999989,5.,-7.75000000000007));
#3711=CARTESIAN_POINT('',(6.09999999999989,1.5,-8.));
#3712=CARTESIAN_POINT('Origin',(6.09999999999989,1.5,-7.75000000000007));
#3713=CARTESIAN_POINT('',(6.09999999999989,5.,-8.));
#3714=CARTESIAN_POINT('',(6.09999999999989,5.,-8.));
#3715=CARTESIAN_POINT('Origin',(6.09999999999989,5.,-7.75000000000007));
#3716=CARTESIAN_POINT('Origin',(0.,5.,-8.));
#3717=CARTESIAN_POINT('',(4.05999999999989,1.5,-8.));
#3718=CARTESIAN_POINT('',(6.09999999999989,1.5,-8.));
#3719=CARTESIAN_POINT('',(4.05999999999989,5.,-8.));
#3720=CARTESIAN_POINT('',(4.05999999999989,5.,-8.));
#3721=CARTESIAN_POINT('',(6.09999999999989,5.,-8.));
#3722=CARTESIAN_POINT('Origin',(4.05999999999989,5.,-7.75000000000007));
#3723=CARTESIAN_POINT('',(3.80999999999989,1.5,-7.75000000000004));
#3724=CARTESIAN_POINT('Origin',(4.05999999999989,1.5,-7.75000000000007));
#3725=CARTESIAN_POINT('',(3.80999999999989,5.,-7.75000000000004));
#3726=CARTESIAN_POINT('',(3.80999999999989,5.,-7.75000000000004));
#3727=CARTESIAN_POINT('Origin',(4.05999999999989,5.,-7.75000000000007));
#3728=CARTESIAN_POINT('Origin',(3.55999999999989,5.,-7.75000000000004));
#3729=CARTESIAN_POINT('',(3.55999999999989,1.5,-8.));
#3730=CARTESIAN_POINT('Origin',(3.55999999999989,1.5,-7.75000000000004));
#3731=CARTESIAN_POINT('',(3.55999999999989,5.,-8.));
#3732=CARTESIAN_POINT('',(3.55999999999989,5.,-8.));
#3733=CARTESIAN_POINT('Origin',(3.55999999999989,5.,-7.75000000000004));
#3734=CARTESIAN_POINT('Origin',(0.,5.,-8.));
#3735=CARTESIAN_POINT('',(1.51999999999989,1.5,-8.));
#3736=CARTESIAN_POINT('',(3.55999999999989,1.5,-8.));
#3737=CARTESIAN_POINT('',(1.51999999999989,5.,-8.));
#3738=CARTESIAN_POINT('',(1.51999999999989,5.,-8.));
#3739=CARTESIAN_POINT('',(3.55999999999989,5.,-8.));
#3740=CARTESIAN_POINT('Origin',(1.51999999999989,5.,-7.75000000000004));
#3741=CARTESIAN_POINT('',(1.27,1.5,-7.75));
#3742=CARTESIAN_POINT('Origin',(1.51999999999989,1.5,-7.75000000000004));
#3743=CARTESIAN_POINT('',(1.27,5.,-7.75));
#3744=CARTESIAN_POINT('',(1.27,5.,-7.75));
#3745=CARTESIAN_POINT('Origin',(1.51999999999989,5.,-7.75000000000004));
#3746=CARTESIAN_POINT('Origin',(1.02,5.,-7.75));
#3747=CARTESIAN_POINT('',(1.02,1.5,-8.));
#3748=CARTESIAN_POINT('Origin',(1.02,1.5,-7.75));
#3749=CARTESIAN_POINT('',(1.02,5.,-8.));
#3750=CARTESIAN_POINT('',(1.02,5.,-8.));
#3751=CARTESIAN_POINT('Origin',(1.02,5.,-7.75));
#3752=CARTESIAN_POINT('Origin',(0.,5.,-8.));
#3753=CARTESIAN_POINT('',(-1.02,1.5,-8.));
#3754=CARTESIAN_POINT('',(1.02,1.5,-8.));
#3755=CARTESIAN_POINT('',(-1.02,5.,-8.));
#3756=CARTESIAN_POINT('',(-1.02,5.,-8.));
#3757=CARTESIAN_POINT('',(1.02,5.,-8.));
#3758=CARTESIAN_POINT('Origin',(-1.02,5.,-7.75));
#3759=CARTESIAN_POINT('',(-1.27,1.5,-7.75));
#3760=CARTESIAN_POINT('Origin',(-1.02,1.5,-7.75));
#3761=CARTESIAN_POINT('',(-1.27,5.,-7.75));
#3762=CARTESIAN_POINT('',(-1.27,5.,-7.75));
#3763=CARTESIAN_POINT('Origin',(-1.02,5.,-7.75));
#3764=CARTESIAN_POINT('Origin',(-1.51999999999996,5.,-7.74999999999998));
#3765=CARTESIAN_POINT('',(-1.51999999999996,1.5,-8.));
#3766=CARTESIAN_POINT('Origin',(-1.51999999999996,1.5,-7.74999999999998));
#3767=CARTESIAN_POINT('',(-1.51999999999996,5.,-8.));
#3768=CARTESIAN_POINT('',(-1.51999999999996,5.,-8.));
#3769=CARTESIAN_POINT('Origin',(-1.51999999999996,5.,-7.74999999999998));
#3770=CARTESIAN_POINT('Origin',(0.,5.,-8.));
#3771=CARTESIAN_POINT('',(-3.55999999999996,1.5,-8.));
#3772=CARTESIAN_POINT('',(-1.51999999999996,1.5,-8.));
#3773=CARTESIAN_POINT('',(-3.55999999999996,5.,-8.));
#3774=CARTESIAN_POINT('',(-3.55999999999996,5.,-8.));
#3775=CARTESIAN_POINT('',(-1.51999999999996,5.,-8.));
#3776=CARTESIAN_POINT('Origin',(-3.55999999999996,5.,-7.74999999999998));
#3777=CARTESIAN_POINT('',(-3.80999999999996,1.5,-7.74999999999998));
#3778=CARTESIAN_POINT('Origin',(-3.55999999999996,1.5,-7.74999999999998));
#3779=CARTESIAN_POINT('',(-3.80999999999996,5.,-7.74999999999998));
#3780=CARTESIAN_POINT('',(-3.80999999999996,5.,-7.74999999999998));
#3781=CARTESIAN_POINT('Origin',(-3.55999999999996,5.,-7.74999999999998));
#3782=CARTESIAN_POINT('Origin',(-4.05999999999996,5.,-7.74999999999996));
#3783=CARTESIAN_POINT('',(-4.05999999999996,1.5,-8.));
#3784=CARTESIAN_POINT('Origin',(-4.05999999999996,1.5,-7.74999999999996));
#3785=CARTESIAN_POINT('',(-4.05999999999996,5.,-8.));
#3786=CARTESIAN_POINT('',(-4.05999999999996,5.,-8.));
#3787=CARTESIAN_POINT('Origin',(-4.05999999999996,5.,-7.74999999999996));
#3788=CARTESIAN_POINT('Origin',(0.,5.,-8.));
#3789=CARTESIAN_POINT('',(-6.09999999999996,1.5,-8.));
#3790=CARTESIAN_POINT('',(-4.05999999999996,1.5,-8.));
#3791=CARTESIAN_POINT('',(-6.09999999999996,5.,-8.));
#3792=CARTESIAN_POINT('',(-6.09999999999996,5.,-8.));
#3793=CARTESIAN_POINT('',(-4.05999999999996,5.,-8.));
#3794=CARTESIAN_POINT('Origin',(-6.09999999999996,5.,-7.74999999999996));
#3795=CARTESIAN_POINT('',(-6.34999999999996,1.5,-7.74999999999996));
#3796=CARTESIAN_POINT('Origin',(-6.09999999999996,1.5,-7.74999999999996));
#3797=CARTESIAN_POINT('',(-6.34999999999996,5.,-7.74999999999996));
#3798=CARTESIAN_POINT('',(-6.34999999999996,5.,-7.74999999999996));
#3799=CARTESIAN_POINT('Origin',(-6.09999999999996,5.,-7.74999999999996));
#3800=CARTESIAN_POINT('Origin',(-6.59999999999996,5.,-7.74999999999995));
#3801=CARTESIAN_POINT('',(-6.59999999999996,1.5,-8.));
#3802=CARTESIAN_POINT('Origin',(-6.59999999999996,1.5,-7.74999999999995));
#3803=CARTESIAN_POINT('',(-6.59999999999996,5.,-8.));
#3804=CARTESIAN_POINT('',(-6.59999999999996,5.,-8.));
#3805=CARTESIAN_POINT('Origin',(-6.59999999999996,5.,-7.74999999999995));
#3806=CARTESIAN_POINT('Origin',(0.,5.,-8.));
#3807=CARTESIAN_POINT('',(-8.63999999999997,1.5,-8.));
#3808=CARTESIAN_POINT('',(-6.59999999999996,1.5,-8.));
#3809=CARTESIAN_POINT('',(-8.63999999999997,5.,-8.));
#3810=CARTESIAN_POINT('',(-8.63999999999997,5.,-8.));
#3811=CARTESIAN_POINT('',(-6.59999999999996,5.,-8.));
#3812=CARTESIAN_POINT('Origin',(-8.63999999999997,5.,-7.74999999999995));
#3813=CARTESIAN_POINT('',(-8.88999999999996,1.5,-7.74999999999995));
#3814=CARTESIAN_POINT('Origin',(-8.63999999999997,1.5,-7.74999999999995));
#3815=CARTESIAN_POINT('',(-8.88999999999996,5.,-7.74999999999995));
#3816=CARTESIAN_POINT('',(-8.88999999999996,5.,-7.74999999999995));
#3817=CARTESIAN_POINT('Origin',(-8.63999999999997,5.,-7.74999999999995));
#3818=CARTESIAN_POINT('Origin',(-9.13999999999996,5.,-7.74999999999993));
#3819=CARTESIAN_POINT('',(-9.13999999999996,1.5,-8.));
#3820=CARTESIAN_POINT('Origin',(-9.13999999999996,1.5,-7.74999999999993));
#3821=CARTESIAN_POINT('',(-9.13999999999996,5.,-8.));
#3822=CARTESIAN_POINT('',(-9.13999999999996,5.,-8.));
#3823=CARTESIAN_POINT('Origin',(-9.13999999999996,5.,-7.74999999999993));
#3824=CARTESIAN_POINT('Origin',(0.,5.,-8.));
#3825=CARTESIAN_POINT('',(-11.18,1.5,-8.));
#3826=CARTESIAN_POINT('',(-9.13999999999996,1.5,-8.));
#3827=CARTESIAN_POINT('',(-11.18,5.,-8.));
#3828=CARTESIAN_POINT('',(-11.18,5.,-8.));
#3829=CARTESIAN_POINT('',(-9.13999999999996,5.,-8.));
#3830=CARTESIAN_POINT('Origin',(-11.18,5.,-7.74999999999993));
#3831=CARTESIAN_POINT('',(-11.43,1.5,-7.74999999999993));
#3832=CARTESIAN_POINT('Origin',(-11.18,1.5,-7.74999999999993));
#3833=CARTESIAN_POINT('',(-11.43,5.,-7.74999999999993));
#3834=CARTESIAN_POINT('',(-11.43,5.,-7.74999999999993));
#3835=CARTESIAN_POINT('Origin',(-11.18,5.,-7.74999999999993));
#3836=CARTESIAN_POINT('Origin',(-11.68,5.,-7.74999999999991));
#3837=CARTESIAN_POINT('',(-11.68,1.5,-8.));
#3838=CARTESIAN_POINT('Origin',(-11.68,1.5,-7.74999999999991));
#3839=CARTESIAN_POINT('',(-11.68,5.,-8.));
#3840=CARTESIAN_POINT('',(-11.68,5.,-8.));
#3841=CARTESIAN_POINT('Origin',(-11.68,5.,-7.74999999999991));
#3842=CARTESIAN_POINT('Origin',(0.,5.,-8.));
#3843=CARTESIAN_POINT('',(-13.72,1.5,-8.));
#3844=CARTESIAN_POINT('',(-11.68,1.5,-8.));
#3845=CARTESIAN_POINT('',(-13.72,5.,-8.));
#3846=CARTESIAN_POINT('',(-13.72,5.,-8.));
#3847=CARTESIAN_POINT('',(-11.68,5.,-8.));
#3848=CARTESIAN_POINT('Origin',(-13.72,5.,-7.74999999999991));
#3849=CARTESIAN_POINT('',(-13.97,1.5,-7.74999999999991));
#3850=CARTESIAN_POINT('Origin',(-13.72,1.5,-7.74999999999991));
#3851=CARTESIAN_POINT('',(-13.97,5.,-7.74999999999991));
#3852=CARTESIAN_POINT('',(-13.97,5.,-7.74999999999991));
#3853=CARTESIAN_POINT('Origin',(-13.72,5.,-7.74999999999991));
#3854=CARTESIAN_POINT('Origin',(-13.97,5.,0.));
#3855=CARTESIAN_POINT('',(-13.97,1.5,-5.70999999999992));
#3856=CARTESIAN_POINT('',(-13.97,1.5,-7.74999999999991));
#3857=CARTESIAN_POINT('',(-13.97,5.,-5.70999999999992));
#3858=CARTESIAN_POINT('',(-13.97,5.,-5.70999999999992));
#3859=CARTESIAN_POINT('',(-13.97,5.,-7.74999999999991));
#3860=CARTESIAN_POINT('Origin',(-13.72,5.,-5.70999999999992));
#3861=CARTESIAN_POINT('Origin',(-13.72,1.5,-5.70999999999992));
#3862=CARTESIAN_POINT('Origin',(-13.72,5.,-5.70999999999992));
#3863=CARTESIAN_POINT('Origin',(0.,5.,0.));
#3864=CARTESIAN_POINT('Origin',(0.,1.5,0.));
#3865=UNCERTAINTY_MEASURE_WITH_UNIT(LENGTH_MEASURE(0.01),#3869,
'DISTANCE_ACCURACY_VALUE',
'Maximum model space distance between geometric entities at asserted c
onnectivities');
#3866=UNCERTAINTY_MEASURE_WITH_UNIT(LENGTH_MEASURE(0.01),#3869,
'DISTANCE_ACCURACY_VALUE',
'Maximum model space distance between geometric entities at asserted c
onnectivities');
#3867=(
GEOMETRIC_REPRESENTATION_CONTEXT(3)
GLOBAL_UNCERTAINTY_ASSIGNED_CONTEXT((#3865))
GLOBAL_UNIT_ASSIGNED_CONTEXT((#3869,#3871,#3872))
REPRESENTATION_CONTEXT('','3D')
);
#3868=(
GEOMETRIC_REPRESENTATION_CONTEXT(3)
GLOBAL_UNCERTAINTY_ASSIGNED_CONTEXT((#3866))
GLOBAL_UNIT_ASSIGNED_CONTEXT((#3869,#3871,#3872))
REPRESENTATION_CONTEXT('','3D')
);
#3869=(
LENGTH_UNIT()
NAMED_UNIT(*)
SI_UNIT(.MILLI.,.METRE.)
);
#3870=(
LENGTH_UNIT()
NAMED_UNIT(*)
SI_UNIT($,.METRE.)
);
#3871=(
NAMED_UNIT(*)
PLANE_ANGLE_UNIT()
SI_UNIT($,.RADIAN.)
);
#3872=(
NAMED_UNIT(*)
SI_UNIT($,.STERADIAN.)
SOLID_ANGLE_UNIT()
);
#3873=SHAPE_DEFINITION_REPRESENTATION(#3874,#3875);
#3874=PRODUCT_DEFINITION_SHAPE('',$,#3877);
#3875=SHAPE_REPRESENTATION('',(#2325),#3867);
#3876=PRODUCT_DEFINITION_CONTEXT('part definition',#3881,'design');
#3877=PRODUCT_DEFINITION('Qtr-8 IR Array','Qtr-8 IR Array v1',#3878,#3876);
#3878=PRODUCT_DEFINITION_FORMATION('',$,#3883);
#3879=PRODUCT_RELATED_PRODUCT_CATEGORY('Qtr-8 IR Array v1',
'Qtr-8 IR Array v1',(#3883));
#3880=APPLICATION_PROTOCOL_DEFINITION('international standard',
'automotive_design',2009,#3881);
#3881=APPLICATION_CONTEXT(
'Core Data for Automotive Mechanical Design Process');
#3882=PRODUCT_CONTEXT('part definition',#3881,'mechanical');
#3883=PRODUCT('Qtr-8 IR Array','Qtr-8 IR Array v1',$,(#3882));
#3884=PRESENTATION_STYLE_ASSIGNMENT((#3888));
#3885=PRESENTATION_STYLE_ASSIGNMENT((#3889));
#3886=PRESENTATION_STYLE_ASSIGNMENT((#3890));
#3887=PRESENTATION_STYLE_ASSIGNMENT((#3891));
#3888=SURFACE_STYLE_USAGE(.BOTH.,#3892);
#3889=SURFACE_STYLE_USAGE(.BOTH.,#3893);
#3890=SURFACE_STYLE_USAGE(.BOTH.,#3894);
#3891=SURFACE_STYLE_USAGE(.BOTH.,#3895);
#3892=SURFACE_SIDE_STYLE('',(#3896));
#3893=SURFACE_SIDE_STYLE('',(#3897));
#3894=SURFACE_SIDE_STYLE('',(#3898));
#3895=SURFACE_SIDE_STYLE('',(#3899));
#3896=SURFACE_STYLE_FILL_AREA(#3900);
#3897=SURFACE_STYLE_FILL_AREA(#3901);
#3898=SURFACE_STYLE_FILL_AREA(#3902);
#3899=SURFACE_STYLE_FILL_AREA(#3903);
#3900=FILL_AREA_STYLE('Steel - Satin',(#3904));
#3901=FILL_AREA_STYLE('Opaque(255,43,43)',(#3905));
#3902=FILL_AREA_STYLE('Opaque(15,15,15)',(#3906));
#3903=FILL_AREA_STYLE('Opaque(255,255,255)',(#3907));
#3904=FILL_AREA_STYLE_COLOUR('Steel - Satin',#3908);
#3905=FILL_AREA_STYLE_COLOUR('Opaque(255,43,43)',#3909);
#3906=FILL_AREA_STYLE_COLOUR('Opaque(15,15,15)',#3910);
#3907=FILL_AREA_STYLE_COLOUR('Opaque(255,255,255)',#3911);
#3908=COLOUR_RGB('Steel - Satin',0.627450980392157,0.627450980392157,0.627450980392157);
#3909=COLOUR_RGB('Opaque(255,43,43)',1.,0.168627450980392,0.168627450980392);
#3910=COLOUR_RGB('Opaque(15,15,15)',0.0588235294117647,0.0588235294117647,
0.0588235294117647);
#3911=COLOUR_RGB('Opaque(255,255,255)',1.,1.,1.);
ENDSEC;
END-ISO-10303-21;
